targetCity,targetCountry,departureCity,departureDate,returnDate,transportType,totalPlaces,basePrice,Transport Prices Baby,Transport Prices Kid,Transport Prices Teenanger
Zakynthos,Grecja,Warszawa,2024-06-04,2024-05-28,BUS,88,819.39,101.82,218.4,429.16
Zakynthos,Grecja,Warszawa,2024-06-04,2024-05-28,FLIGHT,88,129.03,28.04,47.49,83.02
Zakynthos,Grecja,Gdańsk,2024-06-04,2024-05-28,BUS,69,871.58,101.25,232.34,447.43
Zakynthos,Grecja,Szczecin,2024-06-11,2024-06-04,FLIGHT,56,772.9,100.73,221.64,428.13
Zakynthos,Grecja,NULL,2024-06-11,2024-06-04,NONE,NULL,NULL,NULL,NULL,NULL
Zakynthos,Grecja,Gdańsk,2024-06-18,2024-06-11,FLIGHT,76,182.88,96.31,218.69,421.11
Zakynthos,Grecja,Katowice,2024-06-18,2024-06-11,BUS,61,428.95,29.36,48.35,80.47
Zakynthos,Grecja,Poznań,2024-06-18,2024-06-11,FLIGHT,62,745.19,102.53,229.8,451.86
Zakynthos,Grecja,Warszawa,2024-06-25,2024-06-18,FLIGHT,51,670.9,96.73,223.26,425.83
Zakynthos,Grecja,Gdańsk,2024-07-02,2024-06-25,FLIGHT,95,821.73,101.23,221.8,429.11
Zakynthos,Grecja,Gdańsk,2024-07-02,2024-06-25,FLIGHT,89,856.97,27.5,51.68,84.17
Zakynthos,Grecja,Gdańsk,2024-07-02,2024-06-25,BUS,96,285.04,106.33,229.54,450.49
Zakynthos,Grecja,NULL,2024-07-02,2024-06-25,NONE,NULL,NULL,NULL,NULL,NULL
Zakynthos,Grecja,Gdańsk,2024-07-09,2024-07-02,FLIGHT,95,788.96,99.25,224.26,421.13
Zakynthos,Grecja,Katowice,2024-07-09,2024-07-02,FLIGHT,80,488.34,31.39,47.39,76.22
Zakynthos,Grecja,Katowice,2024-07-16,2024-07-09,FLIGHT,84,226.2,100.66,224.42,428.43
Zakynthos,Grecja,Warszawa,2024-07-23,2024-07-16,BUS,66,154.82,94.95,217.52,422.69
Zakynthos,Grecja,Kraków,2024-07-23,2024-07-16,BUS,98,852.72,31.32,47.49,77.25
Zakynthos,Grecja,Kraków,2024-07-23,2024-07-16,FLIGHT,75,388.59,101.97,230.33,451.03
Zakynthos,Grecja,Poznań,2024-07-23,2024-07-16,FLIGHT,62,521.81,91.31,208.89,403.1
Zakynthos,Grecja,Gdańsk,2024-07-30,2024-07-23,FLIGHT,70,299.03,96.4,221.76,423.56
Zakynthos,Grecja,Gdańsk,2024-07-30,2024-07-23,FLIGHT,50,134.81,23.76,49.25,82.16
Zakynthos,Grecja,Warszawa,2024-08-06,2024-07-30,FLIGHT,82,689.77,100.99,224.26,429.07
Zakynthos,Grecja,NULL,2024-08-06,2024-07-30,NONE,NULL,NULL,NULL,NULL,NULL
Zakynthos,Grecja,Gdańsk,2024-08-06,2024-07-30,FLIGHT,61,405.61,98.88,237.19,452.18
Zakynthos,Grecja,Warszawa,2024-08-06,2024-07-30,FLIGHT,72,137.76,96.3,211.72,398.57
Kreta,Grecja,Warszawa,2024-05-23,2024-05-16,FLIGHT,96,350.17,54.31,98.08,190.98
Kreta,Grecja,Gdańsk,2024-05-23,2024-05-16,FLIGHT,58,660.63,76.92,182.65,345.52
Kreta,Grecja,NULL,2024-05-30,2024-05-23,NONE,NULL,NULL,NULL,NULL,NULL
Kreta,Grecja,Kraków,2024-05-30,2024-05-23,FLIGHT,88,613.39,80.42,183.97,341.63
Kreta,Grecja,Kraków,2024-05-30,2024-05-23,FLIGHT,94,483.55,77.3,163.65,317.29
Kreta,Grecja,Poznań,2024-05-30,2024-05-23,FLIGHT,88,471.66,72.28,165.16,318.12
Kreta,Grecja,Gdańsk,2024-06-06,2024-05-30,FLIGHT,59,687.52,49.92,100.17,191.11
Kreta,Grecja,Szczecin,2024-06-06,2024-05-30,BUS,52,398.76,78.55,184.02,345.55
Kreta,Grecja,Kraków,2024-06-06,2024-05-30,FLIGHT,79,244.39,77.85,168.19,322.8
Kreta,Grecja,Szczecin,2024-06-13,2024-06-06,FLIGHT,100,568.81,51.94,104.64,193.31
Kreta,Grecja,Gdańsk,2024-06-20,2024-06-13,FLIGHT,72,465.11,48.3,106.15,185.38
Kreta,Grecja,Kraków,2024-06-20,2024-06-13,BUS,52,490.94,77.51,176.16,342.05
Kreta,Grecja,Kraków,2024-06-20,2024-06-13,FLIGHT,57,365.86,78.64,166.54,319.97
Kreta,Grecja,NULL,2024-06-27,2024-06-20,NONE,NULL,NULL,NULL,NULL,NULL
Kreta,Grecja,Gdańsk,2024-06-27,2024-06-20,FLIGHT,85,899.3,78.74,181.29,341.84
Kreta,Grecja,Gdańsk,2024-06-27,2024-06-20,FLIGHT,96,218.34,79.12,167.57,320.39
Kreta,Grecja,Szczecin,2024-06-27,2024-06-20,FLIGHT,76,373.6,78.13,171.43,317.43
Kreta,Grecja,Poznań,2024-07-04,2024-06-27,BUS,97,645.2,51.25,97.54,191.5
Kreta,Grecja,Poznań,2024-07-11,2024-07-04,BUS,66,192.54,47.13,107.16,185.62
Kreta,Grecja,Warszawa,2024-07-11,2024-07-04,FLIGHT,60,443.06,76.65,183.78,341.52
Kreta,Grecja,Poznań,2024-07-11,2024-07-04,BUS,84,978.4,74.42,170.67,315.52
Kreta,Grecja,NULL,2024-07-11,2024-07-04,NONE,NULL,NULL,NULL,NULL,NULL
Kreta,Grecja,Gdańsk,2024-07-18,2024-07-11,FLIGHT,52,101.17,52.08,99.14,186.25
Kreta,Grecja,Szczecin,2024-07-25,2024-07-18,FLIGHT,65,816.71,50.23,106.54,189.19
Zakynthos,Grecja,Warszawa,2024-06-02,2024-05-23,BUS,95,188.92,37.99,63.36,112.84
Zakynthos,Grecja,Gdańsk,2024-06-02,2024-05-23,FLIGHT,76,637.13,75.0,173.65,336.17
Zakynthos,Grecja,Kraków,2024-06-02,2024-05-23,FLIGHT,74,744.39,92.89,200.41,391.62
Zakynthos,Grecja,Warszawa,2024-06-02,2024-05-23,FLIGHT,90,881.38,106.42,240.06,458.91
Zakynthos,Grecja,Warszawa,2024-06-09,2024-05-30,FLIGHT,61,225.29,38.05,61.17,106.33
Zakynthos,Grecja,Kraków,2024-06-16,2024-06-06,FLIGHT,74,255.33,31.01,62.66,110.37
Zakynthos,Grecja,Gdańsk,2024-06-16,2024-06-06,BUS,98,321.22,75.69,176.59,329.9
Zakynthos,Grecja,Kraków,2024-06-16,2024-06-06,FLIGHT,63,559.22,85.55,206.03,382.46
Zakynthos,Grecja,Gdańsk,2024-06-16,2024-06-06,FLIGHT,70,708.93,99.03,235.59,452.58
Zakynthos,Grecja,Szczecin,2024-06-23,2024-06-13,FLIGHT,89,857.81,36.62,57.84,111.24
Zakynthos,Grecja,Warszawa,2024-06-30,2024-06-20,FLIGHT,70,541.01,35.15,59.55,109.87
Zakynthos,Grecja,Szczecin,2024-06-30,2024-06-20,FLIGHT,63,295.66,75.9,171.77,336.36
Zakynthos,Grecja,NULL,2024-06-30,2024-06-20,NONE,NULL,NULL,NULL,NULL,NULL
Zakynthos,Grecja,Gdańsk,2024-06-30,2024-06-20,BUS,64,818.83,102.94,232.38,457.69
Zakynthos,Grecja,NULL,2024-07-07,2024-06-27,NONE,NULL,NULL,NULL,NULL,NULL
Zakynthos,Grecja,Katowice,2024-07-07,2024-06-27,FLIGHT,79,942.27,76.27,175.33,335.98
Zakynthos,Grecja,Szczecin,2024-07-07,2024-06-27,FLIGHT,96,869.62,90.77,204.28,388.0
Zakynthos,Grecja,Warszawa,2024-07-07,2024-06-27,FLIGHT,79,430.04,106.91,231.59,458.67
Zakynthos,Grecja,Poznań,2024-07-14,2024-07-04,FLIGHT,86,234.87,37.6,66.21,111.42
Zakynthos,Grecja,Gdańsk,2024-07-14,2024-07-04,BUS,51,517.21,77.46,175.41,329.46
Zakynthos,Grecja,Szczecin,2024-07-21,2024-07-11,FLIGHT,78,294.36,29.31,66.41,111.58
Zakynthos,Grecja,Warszawa,2024-07-21,2024-07-11,FLIGHT,75,558.32,82.65,173.32,336.13
Zakynthos,Grecja,Poznań,2024-07-28,2024-07-18,FLIGHT,93,871.65,36.87,60.25,108.11
Zakynthos,Grecja,Szczecin,2024-08-04,2024-07-25,FLIGHT,68,314.56,32.1,64.82,110.4
Marsa Alam,Egipt,Kraków,2024-06-03,2024-05-20,FLIGHT,60,331.35,49.76,101.46,185.06
Marsa Alam,Egipt,Poznań,2024-06-03,2024-05-20,FLIGHT,89,373.45,49.27,104.82,197.64
Marsa Alam,Egipt,Szczecin,2024-06-03,2024-05-20,FLIGHT,98,842.89,95.79,224.63,440.3
Marsa Alam,Egipt,Szczecin,2024-06-10,2024-05-27,FLIGHT,67,222.38,52.28,101.11,184.56
Marsa Alam,Egipt,Szczecin,2024-06-17,2024-06-03,FLIGHT,100,537.38,52.52,96.52,181.75
Marsa Alam,Egipt,Gdańsk,2024-06-17,2024-06-03,FLIGHT,86,100.59,49.64,104.42,198.09
Marsa Alam,Egipt,Gdańsk,2024-06-17,2024-06-03,BUS,58,570.42,94.95,228.89,434.06
Marsa Alam,Egipt,Warszawa,2024-06-24,2024-06-10,FLIGHT,71,610.74,46.77,94.69,180.97
Marsa Alam,Egipt,Warszawa,2024-06-24,2024-06-10,BUS,59,920.46,56.92,113.26,198.12
Marsa Alam,Egipt,Gdańsk,2024-06-24,2024-06-10,FLIGHT,89,912.97,103.35,228.86,438.53
Marsa Alam,Egipt,Poznań,2024-07-01,2024-06-17,FLIGHT,99,197.78,43.17,97.51,181.17
Marsa Alam,Egipt,Kraków,2024-07-01,2024-06-17,FLIGHT,84,294.48,56.86,113.25,203.83
Marsa Alam,Egipt,Warszawa,2024-07-08,2024-06-24,BUS,81,588.45,50.16,102.08,180.53
Marsa Alam,Egipt,Szczecin,2024-07-15,2024-07-01,BUS,68,168.57,46.86,94.03,183.16
Marsa Alam,Egipt,Warszawa,2024-07-22,2024-07-08,FLIGHT,93,969.27,47.45,96.58,177.47
Marsa Alam,Egipt,Kraków,2024-07-22,2024-07-08,FLIGHT,64,504.53,47.52,103.66,206.28
Marsa Alam,Egipt,Kraków,2024-07-22,2024-07-08,BUS,99,558.14,96.27,221.17,436.02
Marsa Alam,Egipt,Gdańsk,2024-07-22,2024-07-08,FLIGHT,50,295.03,34.49,73.81,122.4
Marsa Alam,Egipt,Gdańsk,2024-07-29,2024-07-15,FLIGHT,56,879.86,44.49,99.77,179.25
Marsa Alam,Egipt,Poznań,2024-07-29,2024-07-15,BUS,67,796.23,55.89,109.5,196.81
Marsa Alam,Egipt,Kraków,2024-07-29,2024-07-15,FLIGHT,96,554.73,97.65,227.19,433.72
Marsa Alam,Egipt,Kraków,2024-07-29,2024-07-15,FLIGHT,70,791.91,33.59,65.92,123.6
Marsa Alam,Egipt,NULL,2024-08-05,2024-07-22,NONE,NULL,NULL,NULL,NULL,NULL
Marsa Alam,Egipt,Katowice,2024-08-05,2024-07-22,BUS,63,725.87,47.96,108.86,202.1
Marsa Alam,Egipt,Szczecin,2024-08-05,2024-07-22,FLIGHT,92,541.93,95.59,230.2,437.24
Lanzarote,Wyspy Kanaryjskie,Kraków,2024-06-07,2024-05-24,BUS,97,319.69,49.76,89.92,176.09
Lanzarote,Wyspy Kanaryjskie,Kraków,2024-06-07,2024-05-24,FLIGHT,78,649.93,81.44,173.86,339.59
Lanzarote,Wyspy Kanaryjskie,Poznań,2024-06-07,2024-05-24,FLIGHT,99,517.67,69.77,145.18,273.48
Lanzarote,Wyspy Kanaryjskie,Kraków,2024-06-14,2024-05-31,FLIGHT,68,877.96,48.79,91.52,171.1
Lanzarote,Wyspy Kanaryjskie,Szczecin,2024-06-14,2024-05-31,BUS,90,494.51,81.08,182.31,337.12
Lanzarote,Wyspy Kanaryjskie,Poznań,2024-06-14,2024-05-31,FLIGHT,53,308.89,63.89,139.48,271.0
Lanzarote,Wyspy Kanaryjskie,Szczecin,2024-06-14,2024-05-31,FLIGHT,91,189.79,106.7,230.16,458.48
Lanzarote,Wyspy Kanaryjskie,Katowice,2024-06-21,2024-06-07,FLIGHT,73,563.26,44.77,90.17,170.37
Lanzarote,Wyspy Kanaryjskie,NULL,2024-06-28,2024-06-14,NONE,NULL,NULL,NULL,NULL,NULL
Lanzarote,Wyspy Kanaryjskie,Warszawa,2024-06-28,2024-06-14,BUS,78,565.49,81.1,175.44,337.88
Lanzarote,Wyspy Kanaryjskie,Szczecin,2024-06-28,2024-06-14,FLIGHT,74,359.23,64.75,145.74,271.46
Lanzarote,Wyspy Kanaryjskie,Poznań,2024-07-05,2024-06-21,BUS,94,165.55,42.77,95.98,179.62
Lanzarote,Wyspy Kanaryjskie,Kraków,2024-07-05,2024-06-21,FLIGHT,78,198.16,82.72,176.09,340.28
Lanzarote,Wyspy Kanaryjskie,Szczecin,2024-07-12,2024-06-28,FLIGHT,52,170.78,45.74,94.72,176.97
Lanzarote,Wyspy Kanaryjskie,NULL,2024-07-12,2024-06-28,NONE,NULL,NULL,NULL,NULL,NULL
Lanzarote,Wyspy Kanaryjskie,Katowice,2024-07-12,2024-06-28,FLIGHT,98,781.59,62.75,142.08,273.06
Lanzarote,Wyspy Kanaryjskie,Poznań,2024-07-19,2024-07-05,BUS,57,595.77,49.8,91.13,171.44
Lanzarote,Wyspy Kanaryjskie,Szczecin,2024-07-26,2024-07-12,FLIGHT,64,757.7,42.12,97.67,177.94
Lanzarote,Wyspy Kanaryjskie,Kraków,2024-07-26,2024-07-12,FLIGHT,90,916.9,77.71,175.73,337.13
Lanzarote,Wyspy Kanaryjskie,NULL,2024-07-26,2024-07-12,NONE,NULL,NULL,NULL,NULL,NULL
Lanzarote,Wyspy Kanaryjskie,Gdańsk,2024-07-26,2024-07-12,FLIGHT,83,909.98,107.22,239.06,457.18
Lanzarote,Wyspy Kanaryjskie,Kraków,2024-08-02,2024-07-19,FLIGHT,76,142.51,47.79,95.72,173.28
Lanzarote,Wyspy Kanaryjskie,Szczecin,2024-08-02,2024-07-19,BUS,95,627.26,79.06,181.46,335.38
Lanzarote,Wyspy Kanaryjskie,Gdańsk,2024-08-02,2024-07-19,FLIGHT,71,800.73,65.13,146.33,269.94
Lanzarote,Wyspy Kanaryjskie,Katowice,2024-08-02,2024-07-19,BUS,68,761.34,102.7,238.4,453.86
Lanzarote,Wyspy Kanaryjskie,Szczecin,2024-08-09,2024-07-26,FLIGHT,87,272.59,49.56,96.42,175.06
Lanzarote,Wyspy Kanaryjskie,Szczecin,2024-08-09,2024-07-26,FLIGHT,75,276.47,81.82,176.35,340.13
Korfu,Grecja,Poznań,2024-05-28,2024-05-14,FLIGHT,97,131.27,32.63,51.8,75.76
Korfu,Grecja,Szczecin,2024-05-28,2024-05-14,FLIGHT,100,415.03,58.21,120.26,224.11
Korfu,Grecja,Poznań,2024-05-28,2024-05-14,BUS,63,130.59,29.63,47.16,80.28
Korfu,Grecja,Warszawa,2024-06-04,2024-05-21,FLIGHT,97,353.11,25.8,51.09,76.4
Korfu,Grecja,Warszawa,2024-06-11,2024-05-28,BUS,88,188.19,27.14,47.08,82.68
Korfu,Grecja,Kraków,2024-06-11,2024-05-28,FLIGHT,86,906.58,58.38,122.63,221.5
Korfu,Grecja,Gdańsk,2024-06-18,2024-06-04,FLIGHT,92,322.94,27.7,44.15,85.38
Korfu,Grecja,Gdańsk,2024-06-18,2024-06-04,FLIGHT,99,137.3,58.65,117.62,219.42
Korfu,Grecja,Gdańsk,2024-06-18,2024-06-04,FLIGHT,60,164.24,25.97,52.31,81.7
Korfu,Grecja,Kraków,2024-06-18,2024-06-04,BUS,70,225.74,53.4,102.48,189.62
Korfu,Grecja,Szczecin,2024-06-25,2024-06-11,FLIGHT,87,194.59,23.96,43.74,80.39
Korfu,Grecja,Szczecin,2024-06-25,2024-06-11,FLIGHT,69,614.82,59.39,120.37,223.49
Korfu,Grecja,Gdańsk,2024-06-25,2024-06-11,FLIGHT,80,690.82,31.1,49.43,76.34
Korfu,Grecja,Kraków,2024-06-25,2024-06-11,FLIGHT,57,680.81,47.68,100.32,191.65
Korfu,Grecja,Kraków,2024-07-02,2024-06-18,FLIGHT,65,100.88,24.15,46.0,84.98
Korfu,Grecja,Poznań,2024-07-02,2024-06-18,FLIGHT,64,292.73,58.8,114.13,220.19
Korfu,Grecja,Warszawa,2024-07-02,2024-06-18,BUS,57,633.73,30.98,51.8,75.89
Korfu,Grecja,Warszawa,2024-07-02,2024-06-18,BUS,51,753.45,49.17,105.97,189.3
Korfu,Grecja,Katowice,2024-07-09,2024-06-25,FLIGHT,96,574.34,31.92,48.58,81.19
Korfu,Grecja,Szczecin,2024-07-09,2024-06-25,FLIGHT,55,129.63,52.68,120.58,218.86
Korfu,Grecja,Kraków,2024-07-16,2024-07-02,FLIGHT,65,930.8,29.57,50.58,82.97
Korfu,Grecja,Katowice,2024-07-23,2024-07-09,BUS,90,772.67,30.99,43.93,81.98
Korfu,Grecja,NULL,2024-07-23,2024-07-09,NONE,NULL,NULL,NULL,NULL,NULL
Korfu,Grecja,Warszawa,2024-07-23,2024-07-09,FLIGHT,79,541.04,31.47,44.47,79.0
Korfu,Grecja,Katowice,2024-07-23,2024-07-09,BUS,95,114.22,48.52,101.59,187.59
Korfu,Grecja,Szczecin,2024-07-30,2024-07-16,FLIGHT,56,634.3,26.45,49.52,84.02
Bodrum,Turcja,Szczecin,2024-05-29,2024-05-25,FLIGHT,89,908.45,101.97,238.77,467.9
Bodrum,Turcja,NULL,2024-05-29,2024-05-25,NONE,NULL,NULL,NULL,NULL,NULL
Bodrum,Turcja,Szczecin,2024-05-29,2024-05-25,FLIGHT,54,546.9,71.34,149.7,288.73
Bodrum,Turcja,Katowice,2024-05-29,2024-05-25,FLIGHT,50,468.64,66.22,134.43,246.21
Bodrum,Turcja,Kraków,2024-06-05,2024-06-01,BUS,95,956.65,107.16,242.78,468.68
Bodrum,Turcja,Szczecin,2024-06-05,2024-06-01,FLIGHT,87,198.19,94.95,216.77,427.6
Bodrum,Turcja,Kraków,2024-06-05,2024-06-01,FLIGHT,88,196.95,65.1,153.12,291.3
Bodrum,Turcja,Szczecin,2024-06-12,2024-06-08,FLIGHT,98,458.73,109.39,241.01,471.89
Bodrum,Turcja,Gdańsk,2024-06-12,2024-06-08,FLIGHT,90,310.85,102.21,217.25,430.94
Bodrum,Turcja,Gdańsk,2024-06-12,2024-06-08,FLIGHT,51,754.91,68.98,149.35,288.26
Bodrum,Turcja,Katowice,2024-06-19,2024-06-15,FLIGHT,71,635.72,100.91,244.66,471.19
Bodrum,Turcja,Kraków,2024-06-19,2024-06-15,FLIGHT,53,155.19,100.12,220.23,422.77
Bodrum,Turcja,Kraków,2024-06-19,2024-06-15,FLIGHT,58,661.69,71.78,150.13,291.92
Bodrum,Turcja,Poznań,2024-06-19,2024-06-15,FLIGHT,78,988.29,66.12,130.73,244.95
Bodrum,Turcja,NULL,2024-06-26,2024-06-22,NONE,NULL,NULL,NULL,NULL,NULL
Bodrum,Turcja,Poznań,2024-07-03,2024-06-29,FLIGHT,50,531.72,101.13,240.11,469.78
Bodrum,Turcja,Warszawa,2024-07-10,2024-07-06,FLIGHT,50,632.23,102.44,243.89,471.44
Bodrum,Turcja,Warszawa,2024-07-17,2024-07-13,FLIGHT,94,638.37,104.05,245.33,472.22
Bodrum,Turcja,Poznań,2024-07-17,2024-07-13,FLIGHT,75,991.72,99.32,222.11,429.31
Bodrum,Turcja,Katowice,2024-07-17,2024-07-13,FLIGHT,77,183.16,66.9,149.83,283.6
Bodrum,Turcja,Gdańsk,2024-07-24,2024-07-20,BUS,92,368.57,101.28,239.34,464.74
Bodrum,Turcja,Warszawa,2024-07-24,2024-07-20,FLIGHT,63,593.03,97.54,217.44,423.93
Bodrum,Turcja,Poznań,2024-07-24,2024-07-20,FLIGHT,60,244.4,72.05,155.59,284.0
Bodrum,Turcja,Gdańsk,2024-07-31,2024-07-27,FLIGHT,62,486.34,106.58,244.52,470.47
Korfu,Grecja,Gdańsk,2024-06-08,2024-05-25,BUS,64,827.52,100.75,222.76,430.08
Korfu,Grecja,Szczecin,2024-06-08,2024-05-25,FLIGHT,80,607.49,72.02,167.01,318.45
Korfu,Grecja,Kraków,2024-06-15,2024-06-01,FLIGHT,89,120.22,101.74,216.89,430.73
Korfu,Grecja,Kraków,2024-06-15,2024-06-01,BUS,89,166.23,78.89,170.98,319.12
Korfu,Grecja,Kraków,2024-06-15,2024-06-01,BUS,66,451.99,25.98,40.17,76.68
Korfu,Grecja,Poznań,2024-06-22,2024-06-08,FLIGHT,86,672.94,98.92,221.96,433.36
Korfu,Grecja,Katowice,2024-06-29,2024-06-15,FLIGHT,90,184.21,99.7,226.54,432.76
Korfu,Grecja,NULL,2024-06-29,2024-06-15,NONE,NULL,NULL,NULL,NULL,NULL
Korfu,Grecja,Poznań,2024-06-29,2024-06-15,FLIGHT,76,861.19,23.91,44.55,77.38
Korfu,Grecja,Warszawa,2024-07-06,2024-06-22,FLIGHT,52,218.61,97.51,225.09,425.32
Korfu,Grecja,Gdańsk,2024-07-13,2024-06-29,FLIGHT,84,853.56,99.48,219.69,425.11
Korfu,Grecja,Katowice,2024-07-13,2024-06-29,BUS,51,289.88,78.65,171.48,317.29
Korfu,Grecja,Gdańsk,2024-07-13,2024-06-29,FLIGHT,88,274.36,27.09,45.09,75.76
Korfu,Grecja,Poznań,2024-07-20,2024-07-06,FLIGHT,100,942.02,101.29,219.2,424.28
Korfu,Grecja,Kraków,2024-07-20,2024-07-06,FLIGHT,62,819.78,78.52,166.74,314.04
Korfu,Grecja,Kraków,2024-07-20,2024-07-06,FLIGHT,86,291.7,31.45,47.56,78.14
Korfu,Grecja,Gdańsk,2024-07-27,2024-07-13,BUS,51,131.4,94.21,226.47,424.05
Korfu,Grecja,Poznań,2024-07-27,2024-07-13,FLIGHT,72,970.67,75.85,163.57,319.56
Korfu,Grecja,Gdańsk,2024-08-03,2024-07-20,FLIGHT,51,428.13,96.96,219.2,427.38
Korfu,Grecja,Szczecin,2024-08-03,2024-07-20,FLIGHT,99,647.77,77.15,164.43,323.47
Korfu,Grecja,Warszawa,2024-08-10,2024-07-27,FLIGHT,90,125.21,100.63,223.87,428.08
Korfu,Grecja,Poznań,2024-08-10,2024-07-27,FLIGHT,78,573.58,79.87,169.86,318.88
Korfu,Grecja,Gdańsk,2024-08-10,2024-07-27,BUS,89,827.31,29.94,40.89,72.24
Kreta,Grecja,Warszawa,2024-05-31,2024-05-17,FLIGHT,99,477.95,63.62,137.24,254.35
Kreta,Grecja,NULL,2024-05-31,2024-05-17,NONE,NULL,NULL,NULL,NULL,NULL
Kreta,Grecja,Poznań,2024-05-31,2024-05-17,BUS,77,272.04,40.55,78.96,151.21
Kreta,Grecja,Warszawa,2024-05-31,2024-05-17,FLIGHT,58,111.23,27.74,44.23,70.95
Kreta,Grecja,Katowice,2024-06-07,2024-05-24,BUS,52,543.75,60.68,138.17,254.73
Kreta,Grecja,Gdańsk,2024-06-07,2024-05-24,FLIGHT,84,563.5,89.88,200.83,383.62
Kreta,Grecja,Gdańsk,2024-06-14,2024-05-31,FLIGHT,75,928.18,59.48,133.58,252.37
Kreta,Grecja,Warszawa,2024-06-14,2024-05-31,FLIGHT,67,298.07,86.99,199.38,386.07
Kreta,Grecja,Kraków,2024-06-21,2024-06-07,FLIGHT,91,367.33,65.87,136.5,254.63
Kreta,Grecja,Poznań,2024-06-21,2024-06-07,FLIGHT,77,913.95,86.13,202.39,383.43
Kreta,Grecja,Poznań,2024-06-21,2024-06-07,FLIGHT,55,304.68,41.6,85.83,149.1
Kreta,Grecja,Kraków,2024-06-21,2024-06-07,FLIGHT,89,755.56,26.73,46.2,72.06
Kreta,Grecja,Poznań,2024-06-28,2024-06-14,BUS,66,879.11,66.9,138.3,251.69
Kreta,Grecja,Katowice,2024-06-28,2024-06-14,BUS,86,759.28,84.41,203.4,385.94
Kreta,Grecja,Katowice,2024-06-28,2024-06-14,FLIGHT,84,666.37,42.29,78.33,150.5
Kreta,Grecja,Warszawa,2024-07-05,2024-06-21,FLIGHT,91,253.99,64.4,134.31,253.72
Kreta,Grecja,Poznań,2024-07-05,2024-06-21,BUS,76,333.43,92.45,202.31,382.03
Kreta,Grecja,Katowice,2024-07-05,2024-06-21,FLIGHT,93,919.43,46.82,81.27,151.92
Kreta,Grecja,Warszawa,2024-07-05,2024-06-21,BUS,54,613.46,24.73,45.67,75.44
Kreta,Grecja,Szczecin,2024-07-12,2024-06-28,FLIGHT,94,333.84,65.53,136.29,255.85
Kreta,Grecja,Gdańsk,2024-07-19,2024-07-05,FLIGHT,91,785.24,61.79,136.28,254.31
Kreta,Grecja,Poznań,2024-07-19,2024-07-05,FLIGHT,85,541.22,87.68,197.5,389.6
Kreta,Grecja,NULL,2024-07-19,2024-07-05,NONE,NULL,NULL,NULL,NULL,NULL
Kreta,Grecja,Katowice,2024-07-19,2024-07-05,FLIGHT,87,766.72,23.07,42.4,74.59
Kreta,Grecja,NULL,2024-07-26,2024-07-12,NONE,NULL,NULL,NULL,NULL,NULL
Kreta,Grecja,Gdańsk,2024-07-26,2024-07-12,BUS,94,122.11,86.08,203.51,385.68
Kreta,Grecja,Warszawa,2024-07-26,2024-07-12,BUS,76,277.05,42.27,82.47,146.61
Kreta,Grecja,Kraków,2024-07-26,2024-07-12,BUS,100,959.51,28.37,44.28,73.84
Kreta,Grecja,NULL,2024-08-02,2024-07-19,NONE,NULL,NULL,NULL,NULL,NULL
Kreta,Grecja,Kraków,2024-08-02,2024-07-19,FLIGHT,59,221.63,84.34,196.05,385.93
Fuerteventura,Wyspy Kanaryjskie,Szczecin,2024-05-30,2024-05-16,FLIGHT,61,853.78,97.56,226.07,439.17
Fuerteventura,Wyspy Kanaryjskie,Gdańsk,2024-05-30,2024-05-16,BUS,58,978.08,116.98,260.67,504.92
Fuerteventura,Wyspy Kanaryjskie,NULL,2024-05-30,2024-05-16,NONE,NULL,NULL,NULL,NULL,NULL
Fuerteventura,Wyspy Kanaryjskie,Poznań,2024-06-06,2024-05-23,FLIGHT,51,412.98,97.4,231.84,443.25
Fuerteventura,Wyspy Kanaryjskie,Gdańsk,2024-06-13,2024-05-30,FLIGHT,86,739.58,97.07,231.81,446.38
Fuerteventura,Wyspy Kanaryjskie,Szczecin,2024-06-13,2024-05-30,FLIGHT,50,667.98,109.33,262.35,505.82
Fuerteventura,Wyspy Kanaryjskie,Szczecin,2024-06-20,2024-06-06,FLIGHT,62,895.07,100.15,224.19,444.9
Fuerteventura,Wyspy Kanaryjskie,Katowice,2024-06-20,2024-06-06,FLIGHT,85,128.92,110.57,262.85,499.71
Fuerteventura,Wyspy Kanaryjskie,Warszawa,2024-06-27,2024-06-13,FLIGHT,72,437.63,96.84,233.27,440.83
Fuerteventura,Wyspy Kanaryjskie,Szczecin,2024-07-04,2024-06-20,FLIGHT,69,111.36,104.22,232.33,446.52
Fuerteventura,Wyspy Kanaryjskie,Warszawa,2024-07-04,2024-06-20,FLIGHT,75,655.94,112.09,258.79,499.44
Fuerteventura,Wyspy Kanaryjskie,Kraków,2024-07-04,2024-06-20,FLIGHT,69,990.57,114.96,258.68,516.57
Fuerteventura,Wyspy Kanaryjskie,Warszawa,2024-07-04,2024-06-20,FLIGHT,65,892.76,57.84,115.4,225.79
Fuerteventura,Wyspy Kanaryjskie,NULL,2024-07-11,2024-06-27,NONE,NULL,NULL,NULL,NULL,NULL
Fuerteventura,Wyspy Kanaryjskie,Poznań,2024-07-18,2024-07-04,FLIGHT,88,166.65,99.44,224.44,443.49
Fuerteventura,Wyspy Kanaryjskie,Warszawa,2024-07-18,2024-07-04,FLIGHT,73,294.76,113.99,256.62,505.2
Fuerteventura,Wyspy Kanaryjskie,NULL,2024-07-18,2024-07-04,NONE,NULL,NULL,NULL,NULL,NULL
Fuerteventura,Wyspy Kanaryjskie,Poznań,2024-07-18,2024-07-04,FLIGHT,61,226.33,56.49,116.19,219.3
Fuerteventura,Wyspy Kanaryjskie,NULL,2024-07-25,2024-07-11,NONE,NULL,NULL,NULL,NULL,NULL
Fuerteventura,Wyspy Kanaryjskie,Szczecin,2024-08-01,2024-07-18,FLIGHT,97,983.8,97.0,226.66,442.69
Fuerteventura,Wyspy Kanaryjskie,Gdańsk,2024-08-01,2024-07-18,FLIGHT,71,802.15,113.57,260.38,499.23
Fuerteventura,Wyspy Kanaryjskie,Kraków,2024-08-01,2024-07-18,FLIGHT,75,864.82,110.83,265.08,511.84
Fuerteventura,Wyspy Kanaryjskie,Szczecin,2024-08-01,2024-07-18,BUS,90,904.88,52.25,120.33,217.79
Durres,Albania,Kraków,2024-06-06,2024-05-23,FLIGHT,71,324.04,49.14,99.18,172.38
Durres,Albania,Szczecin,2024-06-06,2024-05-23,FLIGHT,59,591.05,75.25,160.93,308.39
Durres,Albania,Szczecin,2024-06-13,2024-05-30,FLIGHT,79,760.0,52.2,92.17,176.3
Durres,Albania,NULL,2024-06-13,2024-05-30,NONE,NULL,NULL,NULL,NULL,NULL
Durres,Albania,Katowice,2024-06-13,2024-05-30,FLIGHT,56,302.37,91.51,204.34,398.15
Durres,Albania,Katowice,2024-06-20,2024-06-06,FLIGHT,62,235.07,49.78,95.38,173.31
Durres,Albania,NULL,2024-06-20,2024-06-06,NONE,NULL,NULL,NULL,NULL,NULL
Durres,Albania,Poznań,2024-06-20,2024-06-06,BUS,55,799.52,91.67,201.6,392.55
Durres,Albania,NULL,2024-06-20,2024-06-06,NONE,NULL,NULL,NULL,NULL,NULL
Durres,Albania,NULL,2024-06-27,2024-06-13,NONE,NULL,NULL,NULL,NULL,NULL
Durres,Albania,Warszawa,2024-06-27,2024-06-13,FLIGHT,80,974.42,70.85,161.19,313.75
Durres,Albania,Szczecin,2024-06-27,2024-06-13,FLIGHT,71,887.38,90.31,204.57,399.83
Durres,Albania,Kraków,2024-07-04,2024-06-20,FLIGHT,62,238.23,48.34,91.82,172.06
Durres,Albania,Katowice,2024-07-04,2024-06-20,FLIGHT,77,585.46,71.25,160.46,311.79
Durres,Albania,Poznań,2024-07-04,2024-06-20,FLIGHT,81,560.94,93.07,209.74,394.15
Durres,Albania,Szczecin,2024-07-04,2024-06-20,FLIGHT,56,135.81,85.99,205.18,385.6
Durres,Albania,Gdańsk,2024-07-11,2024-06-27,FLIGHT,57,892.47,46.1,100.66,175.21
Durres,Albania,Poznań,2024-07-11,2024-06-27,FLIGHT,70,982.69,73.6,164.13,312.86
Durres,Albania,Gdańsk,2024-07-11,2024-06-27,BUS,90,994.53,88.07,207.7,395.36
Durres,Albania,Poznań,2024-07-18,2024-07-04,FLIGHT,77,886.47,51.84,94.0,176.15
Durres,Albania,Szczecin,2024-07-18,2024-07-04,FLIGHT,85,951.83,76.58,161.85,314.56
Durres,Albania,Gdańsk,2024-07-25,2024-07-11,FLIGHT,95,739.03,47.75,99.36,179.37
Durres,Albania,Kraków,2024-07-25,2024-07-11,FLIGHT,80,782.83,76.33,166.42,310.79
Durres,Albania,Poznań,2024-07-25,2024-07-11,FLIGHT,96,792.73,95.49,202.38,390.99
Durres,Albania,Poznań,2024-07-25,2024-07-11,BUS,84,540.64,88.52,202.49,389.4
Durres,Albania,Gdańsk,2024-08-01,2024-07-18,FLIGHT,99,234.67,48.63,97.48,181.95
Durres,Albania,Warszawa,2024-08-01,2024-07-18,FLIGHT,85,785.08,74.17,165.64,306.11
Durres,Albania,Warszawa,2024-08-08,2024-07-25,FLIGHT,69,796.37,49.15,92.61,174.66
Durres,Albania,Poznań,2024-08-08,2024-07-25,FLIGHT,89,443.44,72.28,161.09,311.41
Durres,Albania,NULL,2024-08-08,2024-07-25,NONE,NULL,NULL,NULL,NULL,NULL
Zakynthos,Grecja,Kraków,2024-05-29,2024-05-15,FLIGHT,86,113.8,29.8,41.92,75.42
Zakynthos,Grecja,Katowice,2024-05-29,2024-05-15,BUS,73,829.5,97.18,227.09,429.71
Zakynthos,Grecja,Warszawa,2024-06-05,2024-05-22,BUS,70,578.98,24.26,42.57,66.92
Zakynthos,Grecja,Warszawa,2024-06-05,2024-05-22,FLIGHT,76,845.46,97.23,219.66,426.96
Zakynthos,Grecja,Warszawa,2024-06-12,2024-05-29,FLIGHT,80,793.25,26.35,46.68,71.96
Zakynthos,Grecja,Poznań,2024-06-12,2024-05-29,FLIGHT,60,452.73,100.71,222.34,424.9
Zakynthos,Grecja,Katowice,2024-06-12,2024-05-29,FLIGHT,69,846.14,76.72,163.42,307.6
Zakynthos,Grecja,Gdańsk,2024-06-19,2024-06-05,FLIGHT,90,127.87,21.77,46.38,70.15
Zakynthos,Grecja,Szczecin,2024-06-19,2024-06-05,FLIGHT,87,884.56,99.67,218.28,433.74
Zakynthos,Grecja,Szczecin,2024-06-19,2024-06-05,BUS,78,760.68,77.84,156.56,305.27
Zakynthos,Grecja,Kraków,2024-06-26,2024-06-12,BUS,83,822.71,31.22,43.25,69.17
Zakynthos,Grecja,Warszawa,2024-06-26,2024-06-12,FLIGHT,68,849.86,95.15,221.06,425.7
Zakynthos,Grecja,Kraków,2024-07-03,2024-06-19,FLIGHT,71,571.53,24.91,38.64,70.14
Zakynthos,Grecja,Warszawa,2024-07-03,2024-06-19,FLIGHT,69,884.51,93.75,225.82,431.69
Zakynthos,Grecja,Poznań,2024-07-03,2024-06-19,FLIGHT,80,654.24,71.89,157.59,306.35
Zakynthos,Grecja,Szczecin,2024-07-03,2024-06-19,BUS,76,265.19,102.78,229.74,439.92
Zakynthos,Grecja,Katowice,2024-07-10,2024-06-26,FLIGHT,94,999.62,28.38,41.22,76.66
Zakynthos,Grecja,Szczecin,2024-07-10,2024-06-26,FLIGHT,73,324.22,102.56,224.47,429.26
Zakynthos,Grecja,Kraków,2024-07-17,2024-07-03,BUS,51,206.32,30.16,40.12,67.52
Zakynthos,Grecja,Poznań,2024-07-17,2024-07-03,BUS,90,705.64,95.15,221.85,431.56
Zakynthos,Grecja,Szczecin,2024-07-17,2024-07-03,FLIGHT,64,843.49,67.91,155.02,301.65
Zakynthos,Grecja,Kraków,2024-07-24,2024-07-10,FLIGHT,53,142.85,29.32,40.85,74.64
Zakynthos,Grecja,Gdańsk,2024-07-24,2024-07-10,FLIGHT,68,886.26,99.71,222.84,432.12
Zakynthos,Grecja,Warszawa,2024-07-24,2024-07-10,FLIGHT,85,729.64,72.64,157.56,303.52
Zakynthos,Grecja,Katowice,2024-07-31,2024-07-17,BUS,50,979.16,22.06,43.38,72.9
Zakynthos,Grecja,Gdańsk,2024-07-31,2024-07-17,FLIGHT,72,292.51,95.5,227.31,429.53
Zakynthos,Grecja,Katowice,2024-07-31,2024-07-17,FLIGHT,73,459.49,70.22,160.05,307.11
Rodos,Grecja,Poznań,2024-05-29,2024-05-19,FLIGHT,63,663.55,80.65,179.04,344.85
Rodos,Grecja,Gdańsk,2024-05-29,2024-05-19,BUS,65,347.87,54.28,102.04,189.97
Rodos,Grecja,Gdańsk,2024-06-05,2024-05-26,BUS,86,599.24,83.94,180.93,350.08
Rodos,Grecja,Katowice,2024-06-12,2024-06-02,FLIGHT,98,239.91,81.49,180.49,342.14
Rodos,Grecja,Kraków,2024-06-12,2024-06-02,FLIGHT,62,745.33,51.14,99.18,187.18
Rodos,Grecja,Katowice,2024-06-12,2024-06-02,FLIGHT,76,302.76,75.78,166.06,312.33
Rodos,Grecja,Kraków,2024-06-19,2024-06-09,FLIGHT,90,307.48,85.63,179.81,348.86
Rodos,Grecja,Poznań,2024-06-19,2024-06-09,FLIGHT,57,414.41,53.61,106.18,192.47
Rodos,Grecja,Poznań,2024-06-19,2024-06-09,FLIGHT,76,720.7,76.42,169.37,317.06
Rodos,Grecja,Kraków,2024-06-26,2024-06-16,BUS,72,839.42,83.14,184.67,344.61
Rodos,Grecja,Gdańsk,2024-06-26,2024-06-16,FLIGHT,86,787.79,48.57,97.29,186.1
Rodos,Grecja,Gdańsk,2024-07-03,2024-06-23,FLIGHT,60,319.93,86.2,180.69,351.08
Rodos,Grecja,Kraków,2024-07-03,2024-06-23,FLIGHT,87,794.85,54.75,98.04,184.06
Rodos,Grecja,Szczecin,2024-07-03,2024-06-23,FLIGHT,55,305.21,78.44,160.02,311.87
Rodos,Grecja,NULL,2024-07-10,2024-06-30,NONE,NULL,NULL,NULL,NULL,NULL
Rodos,Grecja,Warszawa,2024-07-10,2024-06-30,FLIGHT,79,809.2,51.56,106.3,191.72
Rodos,Grecja,Poznań,2024-07-17,2024-07-07,FLIGHT,82,247.68,80.18,180.4,342.51
Rodos,Grecja,Katowice,2024-07-17,2024-07-07,FLIGHT,90,566.86,53.48,106.33,192.09
Rodos,Grecja,Gdańsk,2024-07-24,2024-07-14,FLIGHT,96,191.63,80.38,180.05,347.58
Rodos,Grecja,Gdańsk,2024-07-24,2024-07-14,FLIGHT,66,265.75,53.87,97.22,189.12
Rodos,Grecja,NULL,2024-07-24,2024-07-14,NONE,NULL,NULL,NULL,NULL,NULL
Rodos,Grecja,Warszawa,2024-07-31,2024-07-21,FLIGHT,75,652.07,81.0,183.11,350.7
Rodos,Grecja,Warszawa,2024-07-31,2024-07-21,BUS,77,968.09,47.17,104.02,186.31
Sardynia,Włochy,Katowice,2024-05-25,2024-05-21,BUS,61,947.68,107.07,251.21,492.59
Sardynia,Włochy,Katowice,2024-05-25,2024-05-21,FLIGHT,73,610.65,74.55,163.83,318.49
Sardynia,Włochy,Gdańsk,2024-05-25,2024-05-21,BUS,99,391.79,52.27,113.6,213.3
Sardynia,Włochy,Szczecin,2024-05-25,2024-05-21,FLIGHT,83,473.37,64.21,129.24,253.46
Sardynia,Włochy,Gdańsk,2024-06-01,2024-05-28,FLIGHT,89,967.29,113.76,253.53,489.62
Sardynia,Włochy,Katowice,2024-06-01,2024-05-28,BUS,55,296.8,71.69,170.24,315.89
Sardynia,Włochy,Katowice,2024-06-08,2024-06-04,FLIGHT,74,539.33,113.33,250.11,492.06
Sardynia,Włochy,Warszawa,2024-06-08,2024-06-04,FLIGHT,90,701.58,75.86,170.3,319.19
Sardynia,Włochy,NULL,2024-06-08,2024-06-04,NONE,NULL,NULL,NULL,NULL,NULL
Sardynia,Włochy,Szczecin,2024-06-08,2024-06-04,FLIGHT,68,970.19,63.42,130.41,247.13
Sardynia,Włochy,Szczecin,2024-06-15,2024-06-11,FLIGHT,64,824.64,109.23,250.87,493.67
Sardynia,Włochy,Gdańsk,2024-06-15,2024-06-11,FLIGHT,63,493.4,75.34,163.57,317.16
Sardynia,Włochy,Gdańsk,2024-06-15,2024-06-11,FLIGHT,66,775.43,58.06,115.97,208.42
Sardynia,Włochy,NULL,2024-06-22,2024-06-18,NONE,NULL,NULL,NULL,NULL,NULL
Sardynia,Włochy,Szczecin,2024-06-22,2024-06-18,FLIGHT,51,536.61,78.75,172.23,321.33
Sardynia,Włochy,Kraków,2024-06-22,2024-06-18,BUS,59,611.46,57.61,108.95,212.44
Sardynia,Włochy,Katowice,2024-06-22,2024-06-18,BUS,70,690.09,61.9,137.39,251.44
Sardynia,Włochy,Gdańsk,2024-06-29,2024-06-25,FLIGHT,94,514.64,113.22,250.75,487.21
Sardynia,Włochy,NULL,2024-06-29,2024-06-25,NONE,NULL,NULL,NULL,NULL,NULL
Sardynia,Włochy,NULL,2024-07-06,2024-07-02,NONE,NULL,NULL,NULL,NULL,NULL
Sardynia,Włochy,Gdańsk,2024-07-06,2024-07-02,FLIGHT,83,964.72,74.66,171.51,315.55
Sardynia,Włochy,Kraków,2024-07-06,2024-07-02,FLIGHT,64,121.13,53.12,111.75,214.56
Sardynia,Włochy,NULL,2024-07-13,2024-07-09,NONE,NULL,NULL,NULL,NULL,NULL
Sardynia,Włochy,Warszawa,2024-07-20,2024-07-16,FLIGHT,89,636.42,110.71,251.83,486.0
Sardynia,Włochy,Gdańsk,2024-07-20,2024-07-16,FLIGHT,90,606.46,75.28,165.17,318.99
Sardynia,Włochy,Katowice,2024-07-20,2024-07-16,FLIGHT,62,279.03,54.07,108.13,214.31
Sardynia,Włochy,Gdańsk,2024-07-27,2024-07-23,FLIGHT,66,344.32,110.43,255.38,486.63
Salalah,Oman,Katowice,2024-05-21,2024-05-17,FLIGHT,99,318.46,47.84,93.5,172.4
Salalah,Oman,Poznań,2024-05-21,2024-05-17,FLIGHT,88,629.8,73.28,169.76,326.11
Salalah,Oman,Szczecin,2024-05-28,2024-05-24,FLIGHT,79,988.46,44.0,95.16,173.24
Salalah,Oman,Gdańsk,2024-06-04,2024-05-31,FLIGHT,86,493.09,46.68,95.3,171.71
Salalah,Oman,Kraków,2024-06-04,2024-05-31,BUS,80,559.04,75.68,169.37,326.43
Salalah,Oman,Poznań,2024-06-11,2024-06-07,FLIGHT,79,698.3,43.77,94.12,175.02
Salalah,Oman,Poznań,2024-06-11,2024-06-07,FLIGHT,56,905.85,76.84,173.35,326.08
Salalah,Oman,Szczecin,2024-06-11,2024-06-07,FLIGHT,68,328.43,115.72,260.43,511.69
Salalah,Oman,Gdańsk,2024-06-18,2024-06-14,FLIGHT,68,824.36,48.29,92.94,174.79
Salalah,Oman,Szczecin,2024-06-25,2024-06-21,FLIGHT,57,711.2,44.12,99.03,172.6
Salalah,Oman,Warszawa,2024-07-02,2024-06-28,FLIGHT,55,921.29,50.28,98.66,171.48
Salalah,Oman,Warszawa,2024-07-02,2024-06-28,FLIGHT,96,231.51,74.91,171.67,327.02
Salalah,Oman,Kraków,2024-07-09,2024-07-05,FLIGHT,62,816.27,45.21,97.29,175.53
Salalah,Oman,Gdańsk,2024-07-16,2024-07-12,FLIGHT,80,842.0,51.14,92.59,169.49
Salalah,Oman,Poznań,2024-07-16,2024-07-12,FLIGHT,73,242.59,78.12,172.29,329.08
Salalah,Oman,Szczecin,2024-07-16,2024-07-12,FLIGHT,58,709.91,116.06,266.25,504.7
Salalah,Oman,Gdańsk,2024-07-16,2024-07-12,FLIGHT,56,178.23,61.66,138.47,263.45
Salalah,Oman,Warszawa,2024-07-23,2024-07-19,FLIGHT,51,399.88,46.97,90.05,178.28
Salalah,Oman,Kraków,2024-07-23,2024-07-19,FLIGHT,53,965.85,76.3,169.35,328.74
Gran Canaria,Wyspy Kanaryjskie,Warszawa,2024-06-01,2024-05-22,FLIGHT,74,490.36,64.38,142.32,259.43
Gran Canaria,Wyspy Kanaryjskie,Katowice,2024-06-01,2024-05-22,FLIGHT,76,607.64,71.21,162.86,318.33
Gran Canaria,Wyspy Kanaryjskie,Gdańsk,2024-06-01,2024-05-22,FLIGHT,66,156.86,29.4,50.02,94.06
Gran Canaria,Wyspy Kanaryjskie,Warszawa,2024-06-01,2024-05-22,FLIGHT,88,418.51,59.78,121.97,226.06
Gran Canaria,Wyspy Kanaryjskie,Kraków,2024-06-08,2024-05-29,FLIGHT,92,434.02,67.46,136.92,255.65
Gran Canaria,Wyspy Kanaryjskie,Poznań,2024-06-15,2024-06-05,BUS,69,610.68,68.23,133.54,255.45
Gran Canaria,Wyspy Kanaryjskie,Poznań,2024-06-15,2024-06-05,FLIGHT,94,904.22,72.72,167.73,313.93
Gran Canaria,Wyspy Kanaryjskie,Kraków,2024-06-15,2024-06-05,FLIGHT,60,794.04,33.87,57.98,97.75
Gran Canaria,Wyspy Kanaryjskie,NULL,2024-06-22,2024-06-12,NONE,NULL,NULL,NULL,NULL,NULL
Gran Canaria,Wyspy Kanaryjskie,Warszawa,2024-06-22,2024-06-12,FLIGHT,64,665.13,78.58,163.62,318.47
Gran Canaria,Wyspy Kanaryjskie,Warszawa,2024-06-29,2024-06-19,BUS,84,659.2,65.09,140.87,256.71
Gran Canaria,Wyspy Kanaryjskie,Kraków,2024-06-29,2024-06-19,FLIGHT,69,458.61,76.95,168.29,320.02
Gran Canaria,Wyspy Kanaryjskie,Katowice,2024-06-29,2024-06-19,FLIGHT,74,351.39,33.1,53.23,94.48
Gran Canaria,Wyspy Kanaryjskie,Kraków,2024-07-06,2024-06-26,BUS,55,910.66,64.72,137.88,259.6
Gran Canaria,Wyspy Kanaryjskie,Kraków,2024-07-06,2024-06-26,FLIGHT,96,996.17,71.34,168.36,322.34
Gran Canaria,Wyspy Kanaryjskie,Katowice,2024-07-06,2024-06-26,FLIGHT,61,710.99,27.93,50.77,93.19
Gran Canaria,Wyspy Kanaryjskie,Kraków,2024-07-13,2024-07-03,FLIGHT,71,496.8,63.43,135.15,256.78
Gran Canaria,Wyspy Kanaryjskie,Gdańsk,2024-07-13,2024-07-03,FLIGHT,94,882.38,78.24,164.18,317.46
Gran Canaria,Wyspy Kanaryjskie,Warszawa,2024-07-13,2024-07-03,FLIGHT,87,136.01,31.29,50.62,98.3
Gran Canaria,Wyspy Kanaryjskie,Warszawa,2024-07-13,2024-07-03,FLIGHT,74,454.89,54.26,116.89,227.75
Gran Canaria,Wyspy Kanaryjskie,NULL,2024-07-20,2024-07-10,NONE,NULL,NULL,NULL,NULL,NULL
Gran Canaria,Wyspy Kanaryjskie,Szczecin,2024-07-20,2024-07-10,FLIGHT,66,709.24,78.24,166.47,314.09
Gran Canaria,Wyspy Kanaryjskie,Warszawa,2024-07-27,2024-07-17,FLIGHT,59,125.55,62.34,136.05,256.25
Gran Canaria,Wyspy Kanaryjskie,Warszawa,2024-07-27,2024-07-17,FLIGHT,100,260.14,72.0,171.64,322.0
Gran Canaria,Wyspy Kanaryjskie,Kraków,2024-07-27,2024-07-17,FLIGHT,99,292.19,34.77,52.34,94.8
Gran Canaria,Wyspy Kanaryjskie,Szczecin,2024-08-03,2024-07-24,BUS,99,225.04,60.05,134.71,256.34
Rodos,Grecja,Katowice,2024-05-27,2024-05-20,FLIGHT,83,821.36,92.75,222.2,425.69
Rodos,Grecja,Szczecin,2024-06-03,2024-05-27,FLIGHT,98,776.44,93.13,220.32,425.19
Rodos,Grecja,Szczecin,2024-06-03,2024-05-27,FLIGHT,53,133.19,96.38,204.24,406.65
Rodos,Grecja,Poznań,2024-06-03,2024-05-27,BUS,82,227.07,30.91,47.48,85.2
Rodos,Grecja,Kraków,2024-06-03,2024-05-27,FLIGHT,54,750.65,33.64,74.21,127.52
Rodos,Grecja,Warszawa,2024-06-10,2024-06-03,FLIGHT,98,911.51,97.51,215.74,421.47
Rodos,Grecja,Warszawa,2024-06-10,2024-06-03,FLIGHT,95,319.61,96.77,206.9,401.09
Rodos,Grecja,Szczecin,2024-06-10,2024-06-03,FLIGHT,65,969.34,24.44,50.39,76.73
Rodos,Grecja,Gdańsk,2024-06-10,2024-06-03,FLIGHT,57,280.46,36.02,70.58,132.44
Rodos,Grecja,Warszawa,2024-06-17,2024-06-10,BUS,60,358.52,97.02,219.07,429.17
Rodos,Grecja,Szczecin,2024-06-17,2024-06-10,FLIGHT,61,813.81,87.66,205.22,405.37
Rodos,Grecja,Katowice,2024-06-24,2024-06-17,FLIGHT,100,408.44,94.31,224.89,425.44
Rodos,Grecja,Szczecin,2024-06-24,2024-06-17,FLIGHT,78,184.83,90.27,211.38,403.7
Rodos,Grecja,Szczecin,2024-07-01,2024-06-24,FLIGHT,82,537.35,94.41,220.18,421.27
Rodos,Grecja,Katowice,2024-07-01,2024-06-24,FLIGHT,69,812.45,94.62,212.73,406.66
Rodos,Grecja,Kraków,2024-07-01,2024-06-24,FLIGHT,89,642.39,29.92,43.57,77.36
Rodos,Grecja,Szczecin,2024-07-01,2024-06-24,FLIGHT,61,172.57,34.53,70.02,126.27
Rodos,Grecja,Szczecin,2024-07-08,2024-07-01,BUS,75,342.77,99.41,221.24,425.24
Rodos,Grecja,Szczecin,2024-07-08,2024-07-01,FLIGHT,74,894.63,94.67,209.78,407.66
Rodos,Grecja,Szczecin,2024-07-08,2024-07-01,FLIGHT,71,721.81,26.29,53.24,78.55
Rodos,Grecja,Warszawa,2024-07-08,2024-07-01,FLIGHT,65,809.98,33.22,66.79,128.29
Rodos,Grecja,Katowice,2024-07-15,2024-07-08,BUS,55,959.95,92.82,219.5,425.8
Rodos,Grecja,Kraków,2024-07-22,2024-07-15,BUS,60,944.59,93.29,219.37,429.56
Rodos,Grecja,Warszawa,2024-07-22,2024-07-15,BUS,72,944.18,88.41,211.91,404.95
Rodos,Grecja,Szczecin,2024-07-22,2024-07-15,FLIGHT,65,415.55,32.53,48.25,77.75
Rodos,Grecja,Poznań,2024-07-22,2024-07-15,BUS,83,564.52,42.28,69.83,132.1
Rodos,Grecja,NULL,2024-07-29,2024-07-22,NONE,NULL,NULL,NULL,NULL,NULL
Djerba,Tunezja,Kraków,2024-06-06,2024-05-23,BUS,73,525.27,69.79,147.99,278.77
Djerba,Tunezja,Szczecin,2024-06-13,2024-05-30,FLIGHT,69,378.96,63.59,143.09,281.71
Djerba,Tunezja,Warszawa,2024-06-20,2024-06-06,FLIGHT,77,355.89,68.83,146.86,277.13
Djerba,Tunezja,NULL,2024-06-27,2024-06-13,NONE,NULL,NULL,NULL,NULL,NULL
Djerba,Tunezja,Katowice,2024-06-27,2024-06-13,BUS,81,303.79,52.17,111.75,200.19
Djerba,Tunezja,Kraków,2024-06-27,2024-06-13,FLIGHT,83,965.49,52.02,100.5,194.47
Djerba,Tunezja,Szczecin,2024-06-27,2024-06-13,FLIGHT,95,625.94,85.74,187.98,371.88
Djerba,Tunezja,Warszawa,2024-07-04,2024-06-20,FLIGHT,52,326.89,65.77,143.58,275.84
Djerba,Tunezja,NULL,2024-07-04,2024-06-20,NONE,NULL,NULL,NULL,NULL,NULL
Djerba,Tunezja,Szczecin,2024-07-11,2024-06-27,FLIGHT,79,713.74,70.89,146.74,276.93
Djerba,Tunezja,Poznań,2024-07-11,2024-06-27,FLIGHT,53,406.93,54.63,112.63,201.73
Djerba,Tunezja,Gdańsk,2024-07-11,2024-06-27,FLIGHT,74,808.99,53.34,104.28,195.5
Djerba,Tunezja,Poznań,2024-07-18,2024-07-04,BUS,60,464.87,63.77,150.21,275.83
Djerba,Tunezja,Kraków,2024-07-18,2024-07-04,FLIGHT,57,187.84,49.58,110.16,203.11
Djerba,Tunezja,Katowice,2024-07-25,2024-07-11,FLIGHT,51,679.03,68.74,144.9,275.26
Djerba,Tunezja,Szczecin,2024-07-25,2024-07-11,FLIGHT,56,670.48,54.31,109.84,202.15
Djerba,Tunezja,Poznań,2024-08-01,2024-07-18,FLIGHT,94,904.1,72.42,148.12,277.53
Djerba,Tunezja,Poznań,2024-08-01,2024-07-18,FLIGHT,54,853.26,51.53,109.66,207.12
Djerba,Tunezja,Gdańsk,2024-08-01,2024-07-18,BUS,61,698.62,48.3,105.33,192.12
Djerba,Tunezja,Katowice,2024-08-08,2024-07-25,FLIGHT,74,949.47,68.58,146.98,279.7
Djerba,Tunezja,Katowice,2024-08-08,2024-07-25,BUS,92,492.02,50.69,110.76,201.53
Djerba,Tunezja,Warszawa,2024-08-08,2024-07-25,FLIGHT,60,229.75,51.63,108.82,195.98
Finike,Turcja,NULL,2024-06-01,2024-05-18,NONE,NULL,NULL,NULL,NULL,NULL
Finike,Turcja,Poznań,2024-06-01,2024-05-18,FLIGHT,53,706.79,82.49,187.08,369.29
Finike,Turcja,Warszawa,2024-06-01,2024-05-18,FLIGHT,77,729.08,86.14,196.12,381.19
Finike,Turcja,Gdańsk,2024-06-08,2024-05-25,BUS,60,628.24,55.67,124.9,243.88
Finike,Turcja,Gdańsk,2024-06-08,2024-05-25,FLIGHT,74,721.54,84.93,194.98,364.65
Finike,Turcja,Kraków,2024-06-08,2024-05-25,FLIGHT,90,631.48,89.6,195.74,380.64
Finike,Turcja,NULL,2024-06-08,2024-05-25,NONE,NULL,NULL,NULL,NULL,NULL
Finike,Turcja,Katowice,2024-06-15,2024-06-01,BUS,61,458.88,59.22,127.2,236.5
Finike,Turcja,Warszawa,2024-06-22,2024-06-08,FLIGHT,91,547.9,60.77,123.33,236.55
Finike,Turcja,NULL,2024-06-22,2024-06-08,NONE,NULL,NULL,NULL,NULL,NULL
Finike,Turcja,NULL,2024-06-29,2024-06-15,NONE,NULL,NULL,NULL,NULL,NULL
Finike,Turcja,Szczecin,2024-06-29,2024-06-15,FLIGHT,95,329.33,84.1,186.77,370.5
Finike,Turcja,Warszawa,2024-06-29,2024-06-15,BUS,92,390.38,85.47,194.16,374.94
Finike,Turcja,Szczecin,2024-06-29,2024-06-15,FLIGHT,58,195.7,77.62,171.38,328.77
Finike,Turcja,Katowice,2024-07-06,2024-06-22,FLIGHT,60,510.13,61.11,131.09,243.13
Finike,Turcja,Poznań,2024-07-06,2024-06-22,BUS,82,623.87,80.68,189.66,372.76
Finike,Turcja,Katowice,2024-07-06,2024-06-22,FLIGHT,94,483.93,88.37,197.56,378.09
Finike,Turcja,Kraków,2024-07-13,2024-06-29,FLIGHT,86,218.78,58.75,123.31,241.49
Finike,Turcja,Katowice,2024-07-20,2024-07-06,FLIGHT,89,224.39,62.69,123.59,243.46
Finike,Turcja,Katowice,2024-07-20,2024-07-06,BUS,89,763.43,88.48,194.21,371.5
Finike,Turcja,Kraków,2024-07-20,2024-07-06,FLIGHT,77,508.73,92.52,192.59,374.78
Finike,Turcja,Gdańsk,2024-07-20,2024-07-06,FLIGHT,99,758.97,81.16,170.37,327.13
Finike,Turcja,Warszawa,2024-07-27,2024-07-13,BUS,87,294.32,56.28,124.35,236.06
Finike,Turcja,Poznań,2024-07-27,2024-07-13,FLIGHT,81,921.01,85.61,192.79,367.69
Finike,Turcja,Warszawa,2024-07-27,2024-07-13,FLIGHT,82,882.99,92.36,200.46,381.96
Finike,Turcja,Katowice,2024-08-03,2024-07-20,FLIGHT,65,939.32,56.53,128.86,239.85
Finike,Turcja,Kraków,2024-08-03,2024-07-20,FLIGHT,93,468.16,81.59,196.08,369.23
Finike,Turcja,Warszawa,2024-08-03,2024-07-20,FLIGHT,75,502.77,84.48,194.59,384.27
Kreta,Grecja,Poznań,2024-05-22,2024-05-15,FLIGHT,88,974.32,108.4,257.44,497.39
Kreta,Grecja,Gdańsk,2024-05-22,2024-05-15,FLIGHT,73,211.57,38.06,65.89,121.05
Kreta,Grecja,Poznań,2024-05-29,2024-05-22,FLIGHT,96,794.73,116.78,260.26,497.32
Kreta,Grecja,Gdańsk,2024-05-29,2024-05-22,FLIGHT,71,868.97,39.91,69.45,117.0
Kreta,Grecja,Kraków,2024-05-29,2024-05-22,FLIGHT,84,660.64,95.3,213.88,414.61
Kreta,Grecja,NULL,2024-05-29,2024-05-22,NONE,NULL,NULL,NULL,NULL,NULL
Kreta,Grecja,Warszawa,2024-06-05,2024-05-29,FLIGHT,66,613.77,113.15,256.69,504.31
Kreta,Grecja,Szczecin,2024-06-05,2024-05-29,BUS,94,443.9,36.26,68.6,120.92
Kreta,Grecja,Kraków,2024-06-12,2024-06-05,FLIGHT,79,409.89,117.16,258.23,502.11
Kreta,Grecja,Szczecin,2024-06-12,2024-06-05,FLIGHT,85,536.87,32.18,68.33,117.07
Kreta,Grecja,Kraków,2024-06-12,2024-06-05,FLIGHT,81,865.86,98.55,211.61,408.78
Kreta,Grecja,Poznań,2024-06-12,2024-06-05,FLIGHT,54,455.25,104.33,230.82,447.98
Kreta,Grecja,Warszawa,2024-06-19,2024-06-12,FLIGHT,64,715.89,111.1,255.34,501.63
Kreta,Grecja,Szczecin,2024-06-19,2024-06-12,FLIGHT,64,545.16,37.12,65.95,116.98
Kreta,Grecja,NULL,2024-06-26,2024-06-19,NONE,NULL,NULL,NULL,NULL,NULL
Kreta,Grecja,Poznań,2024-07-03,2024-06-26,FLIGHT,91,254.56,107.62,262.97,497.94
Kreta,Grecja,Warszawa,2024-07-03,2024-06-26,FLIGHT,53,590.08,37.91,63.81,121.81
Kreta,Grecja,NULL,2024-07-10,2024-07-03,NONE,NULL,NULL,NULL,NULL,NULL
Kreta,Grecja,Gdańsk,2024-07-10,2024-07-03,BUS,61,780.03,40.21,64.89,123.13
Kreta,Grecja,Poznań,2024-07-17,2024-07-10,FLIGHT,54,859.41,113.63,262.51,502.95
Kreta,Grecja,Warszawa,2024-07-24,2024-07-17,FLIGHT,85,245.56,114.19,260.86,506.83
Thassos,Grecja,Kraków,2024-06-09,2024-05-26,BUS,89,596.12,79.41,162.73,312.31
Thassos,Grecja,Warszawa,2024-06-09,2024-05-26,FLIGHT,53,471.49,63.81,134.27,248.0
Thassos,Grecja,Warszawa,2024-06-09,2024-05-26,BUS,76,538.05,67.54,145.17,288.92
Thassos,Grecja,Warszawa,2024-06-16,2024-06-02,FLIGHT,68,385.06,75.52,167.36,311.66
Thassos,Grecja,NULL,2024-06-16,2024-06-02,NONE,NULL,NULL,NULL,NULL,NULL
Thassos,Grecja,Gdańsk,2024-06-23,2024-06-09,FLIGHT,64,539.19,78.5,163.89,310.07
Thassos,Grecja,Szczecin,2024-06-23,2024-06-09,FLIGHT,74,637.19,65.34,130.78,252.03
Thassos,Grecja,NULL,2024-06-23,2024-06-09,NONE,NULL,NULL,NULL,NULL,NULL
Thassos,Grecja,Kraków,2024-06-23,2024-06-09,FLIGHT,59,944.6,53.92,115.06,204.65
Thassos,Grecja,Kraków,2024-06-30,2024-06-16,FLIGHT,80,177.61,79.19,163.16,309.93
Thassos,Grecja,Kraków,2024-07-07,2024-06-23,FLIGHT,95,864.01,76.55,159.04,310.95
Thassos,Grecja,Warszawa,2024-07-07,2024-06-23,BUS,86,659.29,62.43,136.01,249.94
Thassos,Grecja,Warszawa,2024-07-07,2024-06-23,FLIGHT,81,916.93,68.12,151.69,283.91
Thassos,Grecja,Szczecin,2024-07-07,2024-06-23,BUS,95,159.57,51.64,114.53,212.07
Thassos,Grecja,Poznań,2024-07-14,2024-06-30,FLIGHT,90,714.07,73.0,166.75,312.29
Thassos,Grecja,Katowice,2024-07-14,2024-06-30,FLIGHT,91,443.41,57.67,136.31,249.5
Thassos,Grecja,Gdańsk,2024-07-21,2024-07-07,BUS,99,158.74,72.61,164.62,309.2
Thassos,Grecja,NULL,2024-07-28,2024-07-14,NONE,NULL,NULL,NULL,NULL,NULL
Thassos,Grecja,Warszawa,2024-08-04,2024-07-21,FLIGHT,93,744.79,71.18,166.99,316.79
Thassos,Grecja,Gdańsk,2024-08-11,2024-07-28,BUS,82,620.56,73.29,165.4,317.61
Thassos,Grecja,Gdańsk,2024-08-11,2024-07-28,FLIGHT,50,522.18,64.34,128.05,253.75
Sal,Wyspy Zielonego Przylądka,Kraków,2024-05-19,2024-05-15,FLIGHT,100,415.26,58.48,123.8,220.18
Sal,Wyspy Zielonego Przylądka,Warszawa,2024-05-19,2024-05-15,BUS,82,187.78,37.43,66.2,110.35
Sal,Wyspy Zielonego Przylądka,Katowice,2024-05-19,2024-05-15,FLIGHT,67,185.75,30.92,62.04,110.31
Sal,Wyspy Zielonego Przylądka,Szczecin,2024-05-19,2024-05-15,FLIGHT,82,945.62,109.86,247.71,492.23
Sal,Wyspy Zielonego Przylądka,Warszawa,2024-05-26,2024-05-22,FLIGHT,78,756.05,54.8,119.64,222.95
Sal,Wyspy Zielonego Przylądka,Katowice,2024-06-02,2024-05-29,BUS,75,765.92,54.26,117.42,221.43
Sal,Wyspy Zielonego Przylądka,Warszawa,2024-06-09,2024-06-05,FLIGHT,76,379.75,59.48,115.64,218.56
Sal,Wyspy Zielonego Przylądka,Poznań,2024-06-09,2024-06-05,FLIGHT,89,322.83,33.48,60.84,111.75
Sal,Wyspy Zielonego Przylądka,Katowice,2024-06-16,2024-06-12,BUS,74,102.36,58.17,123.06,218.15
Sal,Wyspy Zielonego Przylądka,Warszawa,2024-06-23,2024-06-19,FLIGHT,51,322.19,53.4,121.53,218.33
Sal,Wyspy Zielonego Przylądka,Poznań,2024-06-23,2024-06-19,FLIGHT,60,286.49,32.0,57.14,108.29
Sal,Wyspy Zielonego Przylądka,Gdańsk,2024-06-30,2024-06-26,FLIGHT,67,545.64,57.72,118.72,221.54
Sal,Wyspy Zielonego Przylądka,Katowice,2024-07-07,2024-07-03,FLIGHT,97,404.48,56.75,121.44,224.42
Sal,Wyspy Zielonego Przylądka,NULL,2024-07-07,2024-07-03,NONE,NULL,NULL,NULL,NULL,NULL
Sal,Wyspy Zielonego Przylądka,Kraków,2024-07-14,2024-07-10,FLIGHT,51,781.18,52.79,114.72,225.98
Sal,Wyspy Zielonego Przylądka,Poznań,2024-07-14,2024-07-10,BUS,50,816.7,30.86,64.06,107.87
Sal,Wyspy Zielonego Przylądka,Szczecin,2024-07-14,2024-07-10,BUS,50,740.65,36.59,65.2,103.52
Sal,Wyspy Zielonego Przylądka,Katowice,2024-07-14,2024-07-10,FLIGHT,60,669.51,107.64,250.78,487.99
Sal,Wyspy Zielonego Przylądka,Warszawa,2024-07-21,2024-07-17,FLIGHT,68,781.13,53.19,117.84,226.76
Sal,Wyspy Zielonego Przylądka,Katowice,2024-07-21,2024-07-17,FLIGHT,63,496.5,37.12,65.66,113.81
Zakynthos,Grecja,Katowice,2024-05-30,2024-05-26,BUS,70,678.25,83.03,185.31,353.69
Zakynthos,Grecja,Szczecin,2024-05-30,2024-05-26,FLIGHT,96,400.63,59.11,115.87,211.47
Zakynthos,Grecja,Katowice,2024-06-06,2024-06-02,FLIGHT,75,164.62,84.84,180.76,358.48
Zakynthos,Grecja,Szczecin,2024-06-06,2024-06-02,FLIGHT,92,364.32,57.4,110.5,216.47
Zakynthos,Grecja,Gdańsk,2024-06-06,2024-06-02,FLIGHT,76,396.23,28.13,58.87,97.58
Zakynthos,Grecja,NULL,2024-06-06,2024-06-02,NONE,NULL,NULL,NULL,NULL,NULL
Zakynthos,Grecja,Szczecin,2024-06-13,2024-06-09,FLIGHT,96,890.72,86.06,185.95,352.56
Zakynthos,Grecja,Poznań,2024-06-13,2024-06-09,FLIGHT,84,919.32,56.09,118.98,219.62
Zakynthos,Grecja,NULL,2024-06-20,2024-06-16,NONE,NULL,NULL,NULL,NULL,NULL
Zakynthos,Grecja,Katowice,2024-06-20,2024-06-16,BUS,90,661.03,57.18,117.98,219.25
Zakynthos,Grecja,Warszawa,2024-06-20,2024-06-16,BUS,79,517.73,33.41,55.55,92.38
Zakynthos,Grecja,Warszawa,2024-06-27,2024-06-23,BUS,92,776.08,78.27,185.24,351.11
Zakynthos,Grecja,Katowice,2024-06-27,2024-06-23,FLIGHT,78,669.77,54.79,118.64,211.16
Zakynthos,Grecja,Gdańsk,2024-06-27,2024-06-23,BUS,56,946.33,32.17,58.75,97.24
Zakynthos,Grecja,Szczecin,2024-07-04,2024-06-30,BUS,69,385.04,85.69,182.05,350.95
Zakynthos,Grecja,Szczecin,2024-07-11,2024-07-07,BUS,88,845.5,85.66,187.01,356.3
Zakynthos,Grecja,NULL,2024-07-18,2024-07-14,NONE,NULL,NULL,NULL,NULL,NULL
Zakynthos,Grecja,Poznań,2024-07-18,2024-07-14,FLIGHT,77,764.57,58.1,116.96,212.56
Zakynthos,Grecja,Gdańsk,2024-07-25,2024-07-21,FLIGHT,56,434.85,80.69,181.78,356.58
Zakynthos,Grecja,Kraków,2024-07-25,2024-07-21,FLIGHT,92,337.18,54.4,111.87,215.38
Zakynthos,Grecja,Warszawa,2024-07-25,2024-07-21,FLIGHT,79,595.93,30.38,56.33,94.27
Zakynthos,Grecja,Poznań,2024-07-25,2024-07-21,FLIGHT,55,939.07,51.08,103.63,201.43
Zakynthos,Grecja,Kraków,2024-08-01,2024-07-28,FLIGHT,71,906.58,80.0,181.85,355.25
Zakynthos,Grecja,Warszawa,2024-08-01,2024-07-28,FLIGHT,91,670.75,51.43,115.12,210.93
Zakynthos,Grecja,Szczecin,2024-08-01,2024-07-28,FLIGHT,52,877.53,30.62,54.8,99.14
Kos,Grecja,Gdańsk,2024-05-28,2024-05-18,FLIGHT,89,596.56,75.52,162.06,312.12
Kos,Grecja,Gdańsk,2024-05-28,2024-05-18,FLIGHT,56,797.5,92.22,212.99,412.19
Kos,Grecja,Katowice,2024-06-04,2024-05-25,FLIGHT,66,195.19,71.95,162.42,313.49
Kos,Grecja,Szczecin,2024-06-11,2024-06-01,FLIGHT,81,483.8,73.55,167.97,310.54
Kos,Grecja,Warszawa,2024-06-11,2024-06-01,BUS,50,124.59,91.73,216.78,412.78
Kos,Grecja,Kraków,2024-06-11,2024-06-01,FLIGHT,82,421.8,34.1,68.42,115.28
Kos,Grecja,Szczecin,2024-06-18,2024-06-08,FLIGHT,88,584.42,70.21,166.12,313.33
Kos,Grecja,Katowice,2024-06-18,2024-06-08,FLIGHT,100,591.33,90.48,211.93,411.34
Kos,Grecja,Katowice,2024-06-18,2024-06-08,FLIGHT,81,583.7,29.95,67.57,114.31
Kos,Grecja,Katowice,2024-06-25,2024-06-15,FLIGHT,76,242.58,70.74,160.4,318.19
Kos,Grecja,Poznań,2024-06-25,2024-06-15,FLIGHT,51,741.63,94.36,212.24,409.27
Kos,Grecja,Poznań,2024-06-25,2024-06-15,FLIGHT,81,563.55,38.65,64.42,109.36
Kos,Grecja,Poznań,2024-07-02,2024-06-22,FLIGHT,67,781.41,72.17,161.61,313.14
Kos,Grecja,Gdańsk,2024-07-02,2024-06-22,BUS,70,204.94,91.52,218.84,416.04
Kos,Grecja,Gdańsk,2024-07-09,2024-06-29,FLIGHT,73,289.67,78.47,163.45,311.94
Kos,Grecja,Katowice,2024-07-16,2024-07-06,FLIGHT,51,181.32,78.43,167.74,311.74
Kos,Grecja,Poznań,2024-07-16,2024-07-06,FLIGHT,84,799.7,90.36,211.47,418.07
Kos,Grecja,Poznań,2024-07-23,2024-07-13,FLIGHT,66,785.72,78.91,167.35,308.83
Kos,Grecja,Szczecin,2024-07-23,2024-07-13,BUS,76,679.72,98.93,218.63,409.44
Kos,Grecja,Kraków,2024-07-23,2024-07-13,FLIGHT,62,594.78,39.42,63.62,109.67
Kos,Grecja,Szczecin,2024-07-30,2024-07-20,BUS,94,792.01,75.02,164.92,311.66
Kos,Grecja,Szczecin,2024-07-30,2024-07-20,FLIGHT,74,546.8,99.53,211.04,410.36
Korfu,Grecja,Katowice,2024-05-26,2024-05-19,FLIGHT,95,856.36,105.25,224.48,438.63
Korfu,Grecja,Katowice,2024-05-26,2024-05-19,FLIGHT,75,849.0,97.81,232.02,436.24
Korfu,Grecja,NULL,2024-05-26,2024-05-19,NONE,NULL,NULL,NULL,NULL,NULL
Korfu,Grecja,Kraków,2024-06-02,2024-05-26,FLIGHT,77,972.36,100.36,227.32,447.63
Korfu,Grecja,Szczecin,2024-06-02,2024-05-26,BUS,65,277.72,101.35,228.04,444.38
Korfu,Grecja,Szczecin,2024-06-02,2024-05-26,FLIGHT,71,547.68,72.08,163.02,325.06
Korfu,Grecja,Poznań,2024-06-09,2024-06-02,FLIGHT,67,823.88,97.44,233.63,438.32
Korfu,Grecja,Gdańsk,2024-06-09,2024-06-02,FLIGHT,73,322.0,95.75,231.59,437.48
Korfu,Grecja,Katowice,2024-06-16,2024-06-09,FLIGHT,52,742.16,99.82,231.68,444.26
Korfu,Grecja,Gdańsk,2024-06-16,2024-06-09,FLIGHT,50,897.55,98.6,231.06,441.76
Korfu,Grecja,Kraków,2024-06-16,2024-06-09,FLIGHT,57,171.36,78.4,166.48,324.11
Korfu,Grecja,Katowice,2024-06-16,2024-06-09,FLIGHT,53,931.93,107.61,254.93,501.22
Korfu,Grecja,Gdańsk,2024-06-23,2024-06-16,FLIGHT,50,214.73,105.35,230.85,441.96
Korfu,Grecja,Kraków,2024-06-23,2024-06-16,BUS,56,393.18,103.83,230.6,439.41
Korfu,Grecja,Warszawa,2024-06-23,2024-06-16,FLIGHT,53,665.21,72.93,166.33,319.69
Korfu,Grecja,Szczecin,2024-06-30,2024-06-23,BUS,59,482.43,101.92,228.46,442.98
Korfu,Grecja,NULL,2024-07-07,2024-06-30,NONE,NULL,NULL,NULL,NULL,NULL
Korfu,Grecja,Warszawa,2024-07-07,2024-06-30,FLIGHT,81,187.22,95.93,231.78,434.56
Korfu,Grecja,Kraków,2024-07-07,2024-06-30,FLIGHT,75,620.91,79.86,166.54,321.78
Korfu,Grecja,Szczecin,2024-07-07,2024-06-30,FLIGHT,65,112.72,115.67,259.16,505.05
Korfu,Grecja,Warszawa,2024-07-14,2024-07-07,FLIGHT,69,926.49,103.7,228.51,443.99
Korfu,Grecja,Szczecin,2024-07-14,2024-07-07,BUS,85,536.46,95.9,227.45,437.53
Korfu,Grecja,NULL,2024-07-14,2024-07-07,NONE,NULL,NULL,NULL,NULL,NULL
Korfu,Grecja,Warszawa,2024-07-21,2024-07-14,FLIGHT,77,181.68,100.41,229.99,446.72
Korfu,Grecja,Katowice,2024-07-21,2024-07-14,BUS,50,920.5,97.0,229.8,439.52
Korfu,Grecja,Gdańsk,2024-07-28,2024-07-21,BUS,90,462.47,102.01,225.44,446.22
Korfu,Grecja,Katowice,2024-07-28,2024-07-21,FLIGHT,83,962.15,97.68,225.59,436.59
Korfu,Grecja,Poznań,2024-07-28,2024-07-21,BUS,87,677.43,75.92,165.5,323.45
Algarve,Portugalia,Poznań,2024-05-26,2024-05-22,BUS,56,596.21,72.53,164.94,317.5
Algarve,Portugalia,Warszawa,2024-05-26,2024-05-22,FLIGHT,86,930.54,110.98,244.95,476.27
Algarve,Portugalia,Warszawa,2024-05-26,2024-05-22,FLIGHT,80,350.45,52.61,104.46,191.38
Algarve,Portugalia,Katowice,2024-05-26,2024-05-22,BUS,61,551.39,73.57,156.37,295.13
Algarve,Portugalia,Kraków,2024-06-02,2024-05-29,FLIGHT,84,963.22,71.1,159.23,316.12
Algarve,Portugalia,Katowice,2024-06-02,2024-05-29,FLIGHT,85,447.11,108.28,249.66,478.88
Algarve,Portugalia,Katowice,2024-06-09,2024-06-05,FLIGHT,72,565.94,74.39,163.37,310.38
Algarve,Portugalia,NULL,2024-06-09,2024-06-05,NONE,NULL,NULL,NULL,NULL,NULL
Algarve,Portugalia,Poznań,2024-06-09,2024-06-05,BUS,84,217.15,53.12,100.73,191.03
Algarve,Portugalia,Kraków,2024-06-09,2024-06-05,FLIGHT,88,407.54,71.48,151.13,288.81
Algarve,Portugalia,Szczecin,2024-06-16,2024-06-12,FLIGHT,95,461.69,69.7,166.41,308.79
Algarve,Portugalia,Gdańsk,2024-06-16,2024-06-12,FLIGHT,64,430.81,103.43,249.39,480.35
Algarve,Portugalia,Gdańsk,2024-06-23,2024-06-19,FLIGHT,97,457.3,78.34,161.32,314.22
Algarve,Portugalia,Katowice,2024-06-23,2024-06-19,FLIGHT,82,445.02,111.96,244.75,479.13
Algarve,Portugalia,Szczecin,2024-06-23,2024-06-19,FLIGHT,78,980.45,50.81,100.9,186.13
Algarve,Portugalia,Kraków,2024-06-23,2024-06-19,FLIGHT,82,429.34,74.91,154.31,295.57
Algarve,Portugalia,Katowice,2024-06-30,2024-06-26,FLIGHT,56,932.86,75.43,159.64,312.88
Algarve,Portugalia,Kraków,2024-06-30,2024-06-26,FLIGHT,65,585.24,104.09,244.31,481.02
Algarve,Portugalia,Katowice,2024-06-30,2024-06-26,FLIGHT,93,231.26,47.79,101.77,192.66
Algarve,Portugalia,Szczecin,2024-06-30,2024-06-26,BUS,92,888.2,74.0,152.96,293.99
Algarve,Portugalia,Warszawa,2024-07-07,2024-07-03,BUS,87,407.52,70.77,159.33,310.58
Algarve,Portugalia,Warszawa,2024-07-07,2024-07-03,FLIGHT,54,103.0,108.03,244.39,476.93
Algarve,Portugalia,NULL,2024-07-07,2024-07-03,NONE,NULL,NULL,NULL,NULL,NULL
Algarve,Portugalia,NULL,2024-07-07,2024-07-03,NONE,NULL,NULL,NULL,NULL,NULL
Algarve,Portugalia,Kraków,2024-07-14,2024-07-10,FLIGHT,98,871.81,75.5,167.54,317.09
Algarve,Portugalia,Warszawa,2024-07-14,2024-07-10,FLIGHT,66,273.69,110.91,247.5,478.07
Algarve,Portugalia,Poznań,2024-07-14,2024-07-10,BUS,52,593.26,51.3,103.25,194.89
Algarve,Portugalia,NULL,2024-07-14,2024-07-10,NONE,NULL,NULL,NULL,NULL,NULL
Algarve,Portugalia,Warszawa,2024-07-21,2024-07-17,FLIGHT,96,349.26,77.32,162.98,308.83
Algarve,Portugalia,Szczecin,2024-07-21,2024-07-17,FLIGHT,58,321.77,104.72,252.35,480.82
Algarve,Portugalia,Gdańsk,2024-07-21,2024-07-17,FLIGHT,59,389.18,52.92,98.47,185.47
Algarve,Portugalia,Warszawa,2024-07-21,2024-07-17,FLIGHT,98,288.59,66.4,150.31,294.78
Algarve,Portugalia,Szczecin,2024-07-28,2024-07-24,FLIGHT,62,844.33,74.23,168.86,310.02
Algarve,Portugalia,Gdańsk,2024-07-28,2024-07-24,FLIGHT,51,740.1,110.13,251.98,481.97
Algarve,Portugalia,NULL,2024-07-28,2024-07-24,NONE,NULL,NULL,NULL,NULL,NULL
Algarve,Portugalia,Kraków,2024-07-28,2024-07-24,FLIGHT,71,324.54,65.72,151.19,292.5
Hurghada,Egipt,Gdańsk,2024-05-29,2024-05-15,FLIGHT,73,103.81,27.74,45.61,70.19
Hurghada,Egipt,Gdańsk,2024-06-05,2024-05-22,FLIGHT,78,889.75,23.31,44.67,65.89
Hurghada,Egipt,NULL,2024-06-05,2024-05-22,NONE,NULL,NULL,NULL,NULL,NULL
Hurghada,Egipt,Poznań,2024-06-12,2024-05-29,FLIGHT,50,505.11,26.33,36.27,62.09
Hurghada,Egipt,Szczecin,2024-06-12,2024-05-29,FLIGHT,90,501.23,108.76,233.67,461.29
Hurghada,Egipt,Warszawa,2024-06-12,2024-05-29,FLIGHT,52,106.54,114.31,259.09,509.62
Hurghada,Egipt,Katowice,2024-06-19,2024-06-05,BUS,76,326.33,24.81,44.34,63.39
Hurghada,Egipt,Poznań,2024-06-19,2024-06-05,FLIGHT,78,174.08,102.16,241.41,464.11
Hurghada,Egipt,Poznań,2024-06-19,2024-06-05,BUS,78,904.88,111.67,263.92,511.31
Hurghada,Egipt,Poznań,2024-06-19,2024-06-05,FLIGHT,68,456.11,68.04,142.26,265.33
Hurghada,Egipt,Poznań,2024-06-26,2024-06-12,FLIGHT,73,664.98,26.78,37.48,63.95
Hurghada,Egipt,Poznań,2024-06-26,2024-06-12,FLIGHT,99,987.32,103.59,237.81,461.14
Hurghada,Egipt,Poznań,2024-06-26,2024-06-12,FLIGHT,96,433.68,114.18,266.71,508.67
Hurghada,Egipt,Kraków,2024-07-03,2024-06-19,FLIGHT,59,260.27,27.86,45.4,67.39
Hurghada,Egipt,Warszawa,2024-07-03,2024-06-19,BUS,84,163.86,99.46,234.49,455.1
Hurghada,Egipt,Kraków,2024-07-03,2024-06-19,FLIGHT,68,226.02,109.42,264.49,506.51
Hurghada,Egipt,Warszawa,2024-07-03,2024-06-19,FLIGHT,75,257.22,66.99,143.52,271.94
Hurghada,Egipt,Szczecin,2024-07-10,2024-06-26,BUS,91,789.56,23.86,45.91,64.14
Hurghada,Egipt,Poznań,2024-07-10,2024-06-26,BUS,63,710.4,101.6,238.82,456.23
Hurghada,Egipt,Kraków,2024-07-10,2024-06-26,FLIGHT,67,214.55,113.53,266.76,513.85
Hurghada,Egipt,Warszawa,2024-07-10,2024-06-26,FLIGHT,84,422.34,63.15,145.83,265.28
Hurghada,Egipt,Gdańsk,2024-07-17,2024-07-03,FLIGHT,74,523.63,20.8,42.77,69.47
Hurghada,Egipt,Katowice,2024-07-17,2024-07-03,FLIGHT,54,265.63,105.33,235.99,459.63
Hurghada,Egipt,NULL,2024-07-24,2024-07-10,NONE,NULL,NULL,NULL,NULL,NULL
Hurghada,Egipt,Szczecin,2024-07-31,2024-07-17,FLIGHT,50,857.14,22.23,44.01,66.59
Hurghada,Egipt,Gdańsk,2024-07-31,2024-07-17,FLIGHT,84,822.81,101.33,240.57,457.56
Hurghada,Egipt,Katowice,2024-07-31,2024-07-17,FLIGHT,81,390.08,113.97,259.38,511.6
Kos,Grecja,Katowice,2024-05-28,2024-05-21,FLIGHT,66,329.06,48.34,93.62,175.95
Kos,Grecja,Szczecin,2024-05-28,2024-05-21,FLIGHT,63,871.08,97.3,229.24,450.45
Kos,Grecja,Poznań,2024-05-28,2024-05-21,BUS,62,941.37,107.72,249.73,487.15
Kos,Grecja,Warszawa,2024-06-04,2024-05-28,BUS,56,371.18,43.28,97.8,181.94
Kos,Grecja,Szczecin,2024-06-11,2024-06-04,FLIGHT,80,484.22,51.18,101.48,181.85
Kos,Grecja,Katowice,2024-06-11,2024-06-04,FLIGHT,74,280.41,106.63,230.28,454.34
Kos,Grecja,Katowice,2024-06-11,2024-06-04,FLIGHT,65,915.52,113.25,252.26,485.33
Kos,Grecja,Katowice,2024-06-18,2024-06-11,FLIGHT,83,484.15,45.84,96.86,179.72
Kos,Grecja,Katowice,2024-06-18,2024-06-11,FLIGHT,68,135.61,99.97,233.92,449.18
Kos,Grecja,Warszawa,2024-06-25,2024-06-18,FLIGHT,60,164.11,49.7,94.95,184.23
Kos,Grecja,Warszawa,2024-06-25,2024-06-18,FLIGHT,74,490.33,105.47,230.67,454.64
Kos,Grecja,Katowice,2024-06-25,2024-06-18,BUS,95,511.88,104.5,247.24,487.13
Kos,Grecja,Kraków,2024-06-25,2024-06-18,FLIGHT,58,763.26,48.4,112.25,203.62
Kos,Grecja,Warszawa,2024-07-02,2024-06-25,FLIGHT,78,405.48,52.11,98.89,184.16
Kos,Grecja,Gdańsk,2024-07-02,2024-06-25,FLIGHT,79,319.69,103.35,234.81,448.8
Kos,Grecja,Katowice,2024-07-02,2024-06-25,FLIGHT,75,470.12,113.21,253.46,486.62
Kos,Grecja,Kraków,2024-07-09,2024-07-02,FLIGHT,58,503.05,46.94,93.31,180.13
Kos,Grecja,Poznań,2024-07-09,2024-07-02,FLIGHT,83,761.96,102.07,232.62,455.13
Kos,Grecja,Szczecin,2024-07-09,2024-07-02,BUS,64,515.41,108.63,248.14,486.51
Kos,Grecja,Kraków,2024-07-09,2024-07-02,FLIGHT,51,933.4,48.27,105.3,199.37
Kos,Grecja,Poznań,2024-07-16,2024-07-09,FLIGHT,87,155.86,44.66,94.42,182.72
Kos,Grecja,Katowice,2024-07-16,2024-07-09,FLIGHT,59,886.78,105.48,228.6,447.82
Kos,Grecja,Poznań,2024-07-23,2024-07-16,FLIGHT,61,154.62,50.83,95.88,179.54
Kos,Grecja,Warszawa,2024-07-23,2024-07-16,FLIGHT,77,133.1,99.77,236.02,452.87
Kos,Grecja,Szczecin,2024-07-23,2024-07-16,FLIGHT,90,537.62,110.64,253.92,486.02
Kos,Grecja,Katowice,2024-07-30,2024-07-23,FLIGHT,66,801.61,45.36,94.25,179.47
Kos,Grecja,Poznań,2024-07-30,2024-07-23,FLIGHT,82,918.95,102.48,237.12,449.5
Kos,Grecja,Gdańsk,2024-07-30,2024-07-23,FLIGHT,76,145.28,109.53,247.55,490.15
Majorka,Hiszpania,Katowice,2024-06-06,2024-05-27,FLIGHT,99,736.9,92.17,200.37,385.91
Majorka,Hiszpania,Katowice,2024-06-06,2024-05-27,FLIGHT,51,925.4,111.4,243.47,474.49
Majorka,Hiszpania,Warszawa,2024-06-13,2024-06-03,FLIGHT,84,547.1,92.18,197.22,387.93
Majorka,Hiszpania,Poznań,2024-06-13,2024-06-03,FLIGHT,89,719.1,110.55,250.32,482.24
Majorka,Hiszpania,Szczecin,2024-06-20,2024-06-10,FLIGHT,75,309.68,86.0,202.14,385.51
Majorka,Hiszpania,Gdańsk,2024-06-27,2024-06-17,FLIGHT,84,128.99,84.64,197.44,386.98
Majorka,Hiszpania,Kraków,2024-06-27,2024-06-17,FLIGHT,89,835.89,109.59,246.73,476.05
Majorka,Hiszpania,Gdańsk,2024-06-27,2024-06-17,FLIGHT,94,274.4,74.09,147.43,289.54
Majorka,Hiszpania,Gdańsk,2024-06-27,2024-06-17,FLIGHT,60,860.1,89.84,192.81,371.16
Majorka,Hiszpania,Katowice,2024-07-04,2024-06-24,FLIGHT,67,987.82,92.78,198.28,383.75
Majorka,Hiszpania,Katowice,2024-07-04,2024-06-24,BUS,65,559.34,109.03,248.41,482.64
Majorka,Hiszpania,Warszawa,2024-07-04,2024-06-24,FLIGHT,100,423.08,69.07,153.68,284.46
Majorka,Hiszpania,Szczecin,2024-07-04,2024-06-24,FLIGHT,86,240.91,84.78,193.43,375.76
Majorka,Hiszpania,Warszawa,2024-07-11,2024-07-01,FLIGHT,98,424.34,92.98,195.42,380.19
Majorka,Hiszpania,Katowice,2024-07-11,2024-07-01,FLIGHT,100,658.79,110.31,246.6,481.67
Majorka,Hiszpania,Gdańsk,2024-07-11,2024-07-01,FLIGHT,87,570.3,73.54,152.36,288.53
Majorka,Hiszpania,Kraków,2024-07-11,2024-07-01,FLIGHT,79,989.35,89.19,198.3,376.05
Majorka,Hiszpania,Gdańsk,2024-07-18,2024-07-08,FLIGHT,92,995.52,84.99,201.06,383.94
Majorka,Hiszpania,NULL,2024-07-18,2024-07-08,NONE,NULL,NULL,NULL,NULL,NULL
Majorka,Hiszpania,NULL,2024-07-18,2024-07-08,NONE,NULL,NULL,NULL,NULL,NULL
Majorka,Hiszpania,Poznań,2024-07-18,2024-07-08,FLIGHT,79,633.75,84.25,198.49,377.38
Majorka,Hiszpania,Gdańsk,2024-07-25,2024-07-15,BUS,68,917.57,90.06,195.01,380.51
Majorka,Hiszpania,Gdańsk,2024-07-25,2024-07-15,FLIGHT,75,158.1,104.88,244.32,477.86
Majorka,Hiszpania,Warszawa,2024-07-25,2024-07-15,FLIGHT,63,522.11,65.95,148.0,284.82
Majorka,Hiszpania,Szczecin,2024-08-01,2024-07-22,BUS,67,306.63,85.71,197.06,378.63
Majorka,Hiszpania,Katowice,2024-08-01,2024-07-22,BUS,56,361.88,110.39,247.05,477.34
Majorka,Hiszpania,Gdańsk,2024-08-08,2024-07-29,FLIGHT,50,353.82,87.47,197.59,384.62
Marmaris,Turcja,Kraków,2024-05-30,2024-05-20,FLIGHT,69,801.92,99.47,215.37,413.57
Marmaris,Turcja,Poznań,2024-05-30,2024-05-20,FLIGHT,82,645.9,81.05,176.54,337.43
Marmaris,Turcja,Warszawa,2024-06-06,2024-05-27,FLIGHT,58,534.42,90.9,218.23,415.59
Marmaris,Turcja,Warszawa,2024-06-06,2024-05-27,FLIGHT,50,732.21,81.08,178.26,334.45
Marmaris,Turcja,Szczecin,2024-06-06,2024-05-27,FLIGHT,64,126.11,68.82,146.79,282.97
Marmaris,Turcja,Poznań,2024-06-06,2024-05-27,FLIGHT,74,215.35,92.35,196.34,385.44
Marmaris,Turcja,Kraków,2024-06-13,2024-06-03,FLIGHT,67,445.0,94.39,216.28,419.02
Marmaris,Turcja,Katowice,2024-06-13,2024-06-03,BUS,72,743.55,76.33,171.88,337.95
Marmaris,Turcja,NULL,2024-06-13,2024-06-03,NONE,NULL,NULL,NULL,NULL,NULL
Marmaris,Turcja,Warszawa,2024-06-20,2024-06-10,BUS,93,912.11,93.39,214.52,419.34
Marmaris,Turcja,Katowice,2024-06-27,2024-06-17,FLIGHT,96,761.19,92.23,214.4,419.65
Marmaris,Turcja,NULL,2024-06-27,2024-06-17,NONE,NULL,NULL,NULL,NULL,NULL
Marmaris,Turcja,Katowice,2024-06-27,2024-06-17,FLIGHT,71,766.84,71.21,146.3,281.56
Marmaris,Turcja,Katowice,2024-07-04,2024-06-24,FLIGHT,72,448.58,92.25,213.24,417.96
Marmaris,Turcja,Kraków,2024-07-11,2024-07-01,FLIGHT,60,458.3,98.17,214.47,415.25
Marmaris,Turcja,Gdańsk,2024-07-18,2024-07-08,BUS,93,901.04,98.27,215.08,412.07
Marmaris,Turcja,Kraków,2024-07-25,2024-07-15,FLIGHT,55,850.45,93.91,217.28,412.04
Marmaris,Turcja,Gdańsk,2024-07-25,2024-07-15,FLIGHT,81,530.04,84.0,174.35,336.72
Marmaris,Turcja,Warszawa,2024-08-01,2024-07-22,FLIGHT,73,330.81,98.02,220.16,419.01
Kreta,Grecja,Katowice,2024-06-07,2024-05-28,BUS,67,698.35,80.89,185.91,363.06
Kreta,Grecja,Poznań,2024-06-14,2024-06-04,FLIGHT,70,796.92,84.59,190.21,363.99
Kreta,Grecja,Gdańsk,2024-06-14,2024-06-04,FLIGHT,93,369.34,98.59,210.87,409.34
Kreta,Grecja,Kraków,2024-06-21,2024-06-11,FLIGHT,89,412.8,82.1,185.2,360.95
Kreta,Grecja,Kraków,2024-06-21,2024-06-11,FLIGHT,82,594.37,93.71,215.72,409.65
Kreta,Grecja,Gdańsk,2024-06-21,2024-06-11,FLIGHT,93,985.36,54.81,107.83,202.19
Kreta,Grecja,Kraków,2024-06-28,2024-06-18,FLIGHT,97,769.01,88.74,187.62,363.19
Kreta,Grecja,Szczecin,2024-06-28,2024-06-18,FLIGHT,65,124.61,92.23,210.27,409.65
Kreta,Grecja,NULL,2024-06-28,2024-06-18,NONE,NULL,NULL,NULL,NULL,NULL
Kreta,Grecja,Gdańsk,2024-07-05,2024-06-25,FLIGHT,76,139.96,83.71,191.79,367.38
Kreta,Grecja,Poznań,2024-07-05,2024-06-25,FLIGHT,56,569.23,96.43,215.25,415.11
Kreta,Grecja,Kraków,2024-07-05,2024-06-25,FLIGHT,98,673.64,49.59,109.61,196.55
Kreta,Grecja,Szczecin,2024-07-05,2024-06-25,FLIGHT,60,526.99,57.73,117.26,217.0
Kreta,Grecja,Gdańsk,2024-07-12,2024-07-02,FLIGHT,87,399.35,83.49,186.0,366.09
Kreta,Grecja,Gdańsk,2024-07-12,2024-07-02,FLIGHT,68,342.12,92.08,212.51,413.95
Kreta,Grecja,Katowice,2024-07-12,2024-07-02,BUS,96,810.74,50.9,105.51,198.49
Kreta,Grecja,Kraków,2024-07-12,2024-07-02,FLIGHT,83,857.13,56.33,115.59,216.57
Kreta,Grecja,Poznań,2024-07-19,2024-07-09,FLIGHT,83,126.25,85.22,186.77,365.49
Kreta,Grecja,NULL,2024-07-19,2024-07-09,NONE,NULL,NULL,NULL,NULL,NULL
Kreta,Grecja,Gdańsk,2024-07-26,2024-07-16,FLIGHT,75,982.34,85.95,188.08,364.35
Kreta,Grecja,Poznań,2024-07-26,2024-07-16,FLIGHT,60,381.0,94.45,216.51,413.33
Kreta,Grecja,Katowice,2024-07-26,2024-07-16,FLIGHT,59,591.17,47.77,105.16,203.95
Kreta,Grecja,Kraków,2024-07-26,2024-07-16,BUS,75,995.97,54.67,115.01,221.42
Kreta,Grecja,Gdańsk,2024-08-02,2024-07-23,FLIGHT,68,995.05,86.5,192.2,359.87
Kreta,Grecja,Kraków,2024-08-02,2024-07-23,FLIGHT,89,259.41,97.15,209.8,409.0
Kreta,Grecja,Szczecin,2024-08-02,2024-07-23,FLIGHT,77,858.77,47.7,108.69,196.6
Kreta,Grecja,Gdańsk,2024-08-02,2024-07-23,FLIGHT,96,354.83,53.33,119.34,223.12
Kreta,Grecja,Szczecin,2024-08-09,2024-07-30,FLIGHT,64,556.9,87.59,188.9,359.62
Kreta,Grecja,Gdańsk,2024-08-09,2024-07-30,FLIGHT,85,643.55,93.6,216.39,417.17
Kreta,Grecja,Poznań,2024-08-09,2024-07-30,FLIGHT,70,697.43,52.47,109.77,198.22
Costa del Sol,Hiszpania,Szczecin,2024-05-25,2024-05-18,FLIGHT,54,559.74,69.65,150.75,291.63
Costa del Sol,Hiszpania,Katowice,2024-06-01,2024-05-25,FLIGHT,57,738.55,68.86,152.91,289.9
Costa del Sol,Hiszpania,Kraków,2024-06-01,2024-05-25,FLIGHT,63,217.21,85.92,202.91,385.77
Costa del Sol,Hiszpania,NULL,2024-06-01,2024-05-25,NONE,NULL,NULL,NULL,NULL,NULL
Costa del Sol,Hiszpania,Warszawa,2024-06-01,2024-05-25,FLIGHT,88,384.44,72.82,150.69,287.98
Costa del Sol,Hiszpania,Kraków,2024-06-08,2024-06-01,FLIGHT,83,244.46,67.36,154.41,293.18
Costa del Sol,Hiszpania,Kraków,2024-06-08,2024-06-01,FLIGHT,53,712.13,92.25,196.61,382.6
Costa del Sol,Hiszpania,Kraków,2024-06-08,2024-06-01,FLIGHT,96,670.15,38.07,71.29,120.41
Costa del Sol,Hiszpania,Warszawa,2024-06-08,2024-06-01,FLIGHT,88,171.0,65.39,155.43,283.68
Costa del Sol,Hiszpania,NULL,2024-06-15,2024-06-08,NONE,NULL,NULL,NULL,NULL,NULL
Costa del Sol,Hiszpania,NULL,2024-06-15,2024-06-08,NONE,NULL,NULL,NULL,NULL,NULL
Costa del Sol,Hiszpania,Poznań,2024-06-15,2024-06-08,FLIGHT,74,304.93,37.78,70.07,124.17
Costa del Sol,Hiszpania,Gdańsk,2024-06-22,2024-06-15,FLIGHT,59,436.62,67.52,157.56,292.08
Costa del Sol,Hiszpania,Szczecin,2024-06-29,2024-06-22,FLIGHT,59,645.83,73.56,157.56,297.59
Costa del Sol,Hiszpania,Katowice,2024-06-29,2024-06-22,BUS,75,482.06,86.38,202.93,381.7
Costa del Sol,Hiszpania,Szczecin,2024-06-29,2024-06-22,BUS,52,994.36,38.39,68.37,123.31
Costa del Sol,Hiszpania,Warszawa,2024-06-29,2024-06-22,FLIGHT,97,538.0,73.95,149.42,286.81
Costa del Sol,Hiszpania,NULL,2024-07-06,2024-06-29,NONE,NULL,NULL,NULL,NULL,NULL
Costa del Sol,Hiszpania,Gdańsk,2024-07-06,2024-06-29,FLIGHT,99,434.3,85.98,203.63,382.23
Costa del Sol,Hiszpania,Gdańsk,2024-07-06,2024-06-29,BUS,57,477.82,40.35,70.17,119.98
Costa del Sol,Hiszpania,NULL,2024-07-06,2024-06-29,NONE,NULL,NULL,NULL,NULL,NULL
Costa del Sol,Hiszpania,Gdańsk,2024-07-13,2024-07-06,FLIGHT,81,501.16,73.51,154.97,299.19
Costa del Sol,Hiszpania,Poznań,2024-07-13,2024-07-06,FLIGHT,72,645.3,89.52,198.0,386.82
Costa del Sol,Hiszpania,NULL,2024-07-20,2024-07-13,NONE,NULL,NULL,NULL,NULL,NULL
Costa del Sol,Hiszpania,Gdańsk,2024-07-20,2024-07-13,FLIGHT,59,276.09,93.41,195.18,388.34
Costa del Sol,Hiszpania,Poznań,2024-07-20,2024-07-13,BUS,50,447.84,33.08,73.73,125.42
Costa del Sol,Hiszpania,Warszawa,2024-07-20,2024-07-13,FLIGHT,94,762.55,66.4,147.48,285.05
Costa del Sol,Hiszpania,Szczecin,2024-07-27,2024-07-20,FLIGHT,66,649.67,67.15,159.53,296.34
Thassos,Grecja,Poznań,2024-05-29,2024-05-19,FLIGHT,96,952.67,107.84,254.3,488.15
Thassos,Grecja,Warszawa,2024-06-05,2024-05-26,BUS,59,110.77,111.59,256.02,493.54
Thassos,Grecja,Szczecin,2024-06-05,2024-05-26,FLIGHT,90,480.53,30.66,42.87,70.81
Thassos,Grecja,Warszawa,2024-06-05,2024-05-26,FLIGHT,59,307.17,64.81,134.59,258.38
Thassos,Grecja,Gdańsk,2024-06-12,2024-06-02,FLIGHT,72,688.88,106.92,253.33,494.44
Thassos,Grecja,Poznań,2024-06-12,2024-06-02,FLIGHT,99,179.45,29.59,39.58,71.41
Thassos,Grecja,Warszawa,2024-06-12,2024-06-02,FLIGHT,91,967.77,59.11,138.34,251.94
Thassos,Grecja,Warszawa,2024-06-19,2024-06-09,FLIGHT,67,423.13,111.61,248.21,487.73
Thassos,Grecja,NULL,2024-06-19,2024-06-09,NONE,NULL,NULL,NULL,NULL,NULL
Thassos,Grecja,Gdańsk,2024-06-19,2024-06-09,FLIGHT,50,949.51,67.17,132.04,259.18
Thassos,Grecja,Warszawa,2024-06-19,2024-06-09,FLIGHT,96,190.12,42.75,92.55,169.0
Thassos,Grecja,Kraków,2024-06-26,2024-06-16,FLIGHT,84,591.14,110.66,251.52,489.69
Thassos,Grecja,NULL,2024-06-26,2024-06-16,NONE,NULL,NULL,NULL,NULL,NULL
Thassos,Grecja,NULL,2024-06-26,2024-06-16,NONE,NULL,NULL,NULL,NULL,NULL
Thassos,Grecja,Katowice,2024-06-26,2024-06-16,BUS,77,341.25,45.62,95.72,165.42
Thassos,Grecja,Katowice,2024-07-03,2024-06-23,FLIGHT,99,865.92,111.26,250.92,488.44
Thassos,Grecja,Gdańsk,2024-07-03,2024-06-23,FLIGHT,79,674.38,28.23,41.19,75.23
Thassos,Grecja,Szczecin,2024-07-03,2024-06-23,FLIGHT,75,362.48,59.08,136.17,258.94
Thassos,Grecja,Szczecin,2024-07-10,2024-06-30,FLIGHT,74,472.43,111.58,248.46,489.0
Thassos,Grecja,Szczecin,2024-07-17,2024-07-07,FLIGHT,52,734.26,107.8,251.06,490.15
Thassos,Grecja,Poznań,2024-07-17,2024-07-07,FLIGHT,64,213.05,22.17,38.45,72.47
Thassos,Grecja,Poznań,2024-07-17,2024-07-07,FLIGHT,72,699.28,60.81,138.7,259.57
Thassos,Grecja,Katowice,2024-07-17,2024-07-07,FLIGHT,92,799.08,48.98,88.85,171.91
Thassos,Grecja,Szczecin,2024-07-24,2024-07-14,FLIGHT,84,283.92,105.66,250.25,486.57
Thassos,Grecja,Poznań,2024-07-31,2024-07-21,FLIGHT,93,971.69,105.73,253.04,492.73
Thassos,Grecja,Gdańsk,2024-07-31,2024-07-21,FLIGHT,86,501.74,21.4,39.95,71.69
Thassos,Grecja,Poznań,2024-07-31,2024-07-21,FLIGHT,73,351.12,60.19,135.1,255.45
Thassos,Grecja,Kraków,2024-07-31,2024-07-21,FLIGHT,52,324.36,49.7,88.84,164.71
Kos,Grecja,NULL,2024-06-07,2024-05-28,NONE,NULL,NULL,NULL,NULL,NULL
Kos,Grecja,Katowice,2024-06-07,2024-05-28,BUS,79,650.08,83.2,174.88,341.0
Kos,Grecja,Gdańsk,2024-06-07,2024-05-28,FLIGHT,91,471.63,61.77,137.79,255.37
Kos,Grecja,Poznań,2024-06-14,2024-06-04,FLIGHT,92,508.46,42.52,80.97,158.06
Kos,Grecja,Warszawa,2024-06-21,2024-06-11,FLIGHT,56,247.42,39.1,87.17,153.41
Kos,Grecja,Poznań,2024-06-21,2024-06-11,FLIGHT,50,427.24,81.53,178.54,338.01
Kos,Grecja,Katowice,2024-06-28,2024-06-18,BUS,58,217.31,48.17,81.31,152.91
Kos,Grecja,Poznań,2024-06-28,2024-06-18,FLIGHT,79,556.35,81.88,179.62,343.7
Kos,Grecja,Szczecin,2024-07-05,2024-06-25,FLIGHT,52,109.62,39.87,89.62,161.09
Kos,Grecja,Kraków,2024-07-05,2024-06-25,FLIGHT,81,875.07,84.79,174.91,344.16
Kos,Grecja,NULL,2024-07-12,2024-07-02,NONE,NULL,NULL,NULL,NULL,NULL
Kos,Grecja,Katowice,2024-07-12,2024-07-02,FLIGHT,56,338.47,77.1,179.81,338.7
Kos,Grecja,Kraków,2024-07-12,2024-07-02,BUS,86,836.82,66.94,131.81,249.38
Kos,Grecja,Katowice,2024-07-19,2024-07-09,FLIGHT,58,421.2,39.44,84.06,160.31
Kos,Grecja,Poznań,2024-07-26,2024-07-16,FLIGHT,74,219.55,40.18,85.02,159.69
Kos,Grecja,Warszawa,2024-07-26,2024-07-16,BUS,77,552.11,84.72,178.9,339.85
Kos,Grecja,Poznań,2024-07-26,2024-07-16,FLIGHT,63,977.32,62.14,132.04,248.38
Kos,Grecja,Szczecin,2024-08-02,2024-07-23,FLIGHT,65,327.64,44.19,87.44,159.42
Kos,Grecja,NULL,2024-08-02,2024-07-23,NONE,NULL,NULL,NULL,NULL,NULL
Kos,Grecja,Warszawa,2024-08-09,2024-07-30,FLIGHT,56,477.57,48.03,88.2,155.03
Kos,Grecja,Gdańsk,2024-08-09,2024-07-30,BUS,70,603.93,79.44,176.77,339.64
Rodos,Grecja,Kraków,2024-06-01,2024-05-25,FLIGHT,97,482.95,64.94,135.37,257.69
Rodos,Grecja,Poznań,2024-06-01,2024-05-25,BUS,65,257.76,36.56,78.15,147.57
Rodos,Grecja,Poznań,2024-06-01,2024-05-25,FLIGHT,55,415.97,58.95,115.17,225.74
Rodos,Grecja,Kraków,2024-06-08,2024-06-01,FLIGHT,55,785.57,61.95,137.95,255.31
Rodos,Grecja,Warszawa,2024-06-15,2024-06-08,FLIGHT,97,221.61,59.43,137.42,257.46
Rodos,Grecja,Warszawa,2024-06-15,2024-06-08,BUS,97,998.17,41.81,79.28,147.22
Rodos,Grecja,Kraków,2024-06-15,2024-06-08,FLIGHT,64,431.85,59.83,119.7,224.55
Rodos,Grecja,Szczecin,2024-06-22,2024-06-15,FLIGHT,88,303.12,61.47,133.92,255.63
Rodos,Grecja,Warszawa,2024-06-29,2024-06-22,BUS,66,561.94,67.69,137.64,256.27
Rodos,Grecja,Poznań,2024-07-06,2024-06-29,FLIGHT,78,726.93,61.37,140.06,256.07
Rodos,Grecja,Poznań,2024-07-13,2024-07-06,FLIGHT,51,175.54,60.86,131.76,258.08
Rodos,Grecja,Katowice,2024-07-20,2024-07-13,FLIGHT,53,152.39,59.48,133.62,251.51
Rodos,Grecja,Katowice,2024-07-20,2024-07-13,BUS,70,575.96,42.54,77.02,140.26
Rodos,Grecja,Poznań,2024-07-20,2024-07-13,FLIGHT,96,120.37,53.71,119.23,226.56
Rodos,Grecja,Katowice,2024-07-20,2024-07-13,FLIGHT,78,315.9,95.96,216.21,405.19
Rodos,Grecja,Kraków,2024-07-27,2024-07-20,BUS,87,207.7,58.86,140.45,251.79
Rodos,Grecja,Warszawa,2024-08-03,2024-07-27,FLIGHT,87,427.43,59.2,135.51,256.51
Korfu,Grecja,Kraków,2024-06-01,2024-05-22,FLIGHT,98,415.31,53.96,115.39,220.81
Korfu,Grecja,Szczecin,2024-06-01,2024-05-22,FLIGHT,73,297.39,40.74,85.58,163.66
Korfu,Grecja,NULL,2024-06-01,2024-05-22,NONE,NULL,NULL,NULL,NULL,NULL
Korfu,Grecja,NULL,2024-06-08,2024-05-29,NONE,NULL,NULL,NULL,NULL,NULL
Korfu,Grecja,Gdańsk,2024-06-08,2024-05-29,BUS,52,679.66,47.16,88.33,166.41
Korfu,Grecja,Warszawa,2024-06-08,2024-05-29,FLIGHT,90,808.58,64.96,138.36,254.18
Korfu,Grecja,Warszawa,2024-06-08,2024-05-29,FLIGHT,87,393.94,106.99,237.47,455.59
Korfu,Grecja,Kraków,2024-06-15,2024-06-05,FLIGHT,88,929.57,55.12,122.9,217.72
Korfu,Grecja,NULL,2024-06-15,2024-06-05,NONE,NULL,NULL,NULL,NULL,NULL
Korfu,Grecja,Szczecin,2024-06-22,2024-06-12,FLIGHT,80,436.46,51.88,115.69,225.81
Korfu,Grecja,Szczecin,2024-06-29,2024-06-19,FLIGHT,83,363.88,55.82,118.13,221.81
Korfu,Grecja,Poznań,2024-06-29,2024-06-19,FLIGHT,63,299.91,47.65,87.37,167.02
Korfu,Grecja,Poznań,2024-06-29,2024-06-19,FLIGHT,82,882.55,68.56,132.0,260.59
Korfu,Grecja,Warszawa,2024-07-06,2024-06-26,FLIGHT,69,447.03,53.66,121.43,223.71
Korfu,Grecja,Katowice,2024-07-13,2024-07-03,FLIGHT,96,536.52,57.09,116.81,226.06
Korfu,Grecja,Gdańsk,2024-07-13,2024-07-03,FLIGHT,80,518.88,42.74,90.84,168.28
Korfu,Grecja,NULL,2024-07-13,2024-07-03,NONE,NULL,NULL,NULL,NULL,NULL
Korfu,Grecja,Poznań,2024-07-20,2024-07-10,FLIGHT,93,908.56,60.16,116.61,227.19
Korfu,Grecja,Szczecin,2024-07-27,2024-07-17,FLIGHT,54,959.22,55.37,116.29,218.12
Korfu,Grecja,Warszawa,2024-07-27,2024-07-17,FLIGHT,95,376.84,45.89,87.56,167.6
Korfu,Grecja,Warszawa,2024-07-27,2024-07-17,FLIGHT,58,105.59,62.88,133.79,257.6
Korfu,Grecja,NULL,2024-07-27,2024-07-17,NONE,NULL,NULL,NULL,NULL,NULL
Korfu,Grecja,Katowice,2024-08-03,2024-07-24,FLIGHT,93,248.6,54.93,116.48,222.49
Korfu,Grecja,Poznań,2024-08-03,2024-07-24,FLIGHT,64,102.81,44.35,87.12,168.19
Korfu,Grecja,Warszawa,2024-08-03,2024-07-24,FLIGHT,95,139.23,61.14,132.26,256.59
Korfu,Grecja,Warszawa,2024-08-03,2024-07-24,FLIGHT,50,780.51,99.94,235.24,454.75
Kalabria,Włochy,Katowice,2024-05-24,2024-05-17,FLIGHT,79,222.15,41.41,66.63,130.61
Kalabria,Włochy,Kraków,2024-05-24,2024-05-17,FLIGHT,52,216.5,41.12,73.05,124.25
Kalabria,Włochy,Warszawa,2024-05-24,2024-05-17,BUS,56,941.43,110.3,252.66,485.55
Kalabria,Włochy,Gdańsk,2024-05-24,2024-05-17,BUS,74,233.37,36.18,70.08,135.82
Kalabria,Włochy,Szczecin,2024-05-31,2024-05-24,FLIGHT,73,562.94,34.33,67.95,124.06
Kalabria,Włochy,Poznań,2024-05-31,2024-05-24,FLIGHT,60,971.03,40.8,72.03,122.89
Kalabria,Włochy,Szczecin,2024-05-31,2024-05-24,FLIGHT,71,352.5,111.26,248.06,489.32
Kalabria,Włochy,Szczecin,2024-05-31,2024-05-24,FLIGHT,58,971.18,43.04,72.07,133.3
Kalabria,Włochy,Poznań,2024-06-07,2024-05-31,FLIGHT,83,293.15,41.55,74.75,121.56
Kalabria,Włochy,Warszawa,2024-06-07,2024-05-31,BUS,72,886.28,33.52,65.08,120.33
Kalabria,Włochy,Warszawa,2024-06-07,2024-05-31,FLIGHT,53,821.14,108.5,246.07,484.72
Kalabria,Włochy,Katowice,2024-06-14,2024-06-07,FLIGHT,77,388.65,41.09,73.49,130.49
Kalabria,Włochy,Poznań,2024-06-21,2024-06-14,FLIGHT,74,647.55,40.44,73.85,130.03
Kalabria,Włochy,Poznań,2024-06-21,2024-06-14,FLIGHT,73,534.37,39.94,72.22,122.47
Kalabria,Włochy,Szczecin,2024-06-21,2024-06-14,FLIGHT,75,824.81,109.47,252.55,488.85
Kalabria,Włochy,Kraków,2024-06-28,2024-06-21,FLIGHT,92,479.44,32.38,69.69,121.75
Kalabria,Włochy,Katowice,2024-06-28,2024-06-21,FLIGHT,73,853.86,37.69,73.91,120.08
Kalabria,Włochy,Warszawa,2024-06-28,2024-06-21,BUS,65,324.96,109.26,246.54,482.89
Kalabria,Włochy,Gdańsk,2024-06-28,2024-06-21,FLIGHT,62,286.19,42.8,76.64,129.97
Kalabria,Włochy,Warszawa,2024-07-05,2024-06-28,FLIGHT,88,252.37,39.55,74.51,121.17
Kalabria,Włochy,Warszawa,2024-07-05,2024-06-28,BUS,71,827.34,35.71,65.92,119.49
Kalabria,Włochy,Szczecin,2024-07-05,2024-06-28,FLIGHT,72,975.36,104.48,252.16,485.73
Kalabria,Włochy,Gdańsk,2024-07-05,2024-06-28,FLIGHT,74,308.72,40.68,77.78,133.26
Kalabria,Włochy,Warszawa,2024-07-12,2024-07-05,BUS,87,737.22,37.92,74.46,123.06
Kalabria,Włochy,Gdańsk,2024-07-12,2024-07-05,FLIGHT,74,247.64,40.11,64.84,123.88
Kalabria,Włochy,Warszawa,2024-07-19,2024-07-12,FLIGHT,67,935.48,35.55,70.01,129.94
Kalabria,Włochy,Poznań,2024-07-19,2024-07-12,FLIGHT,60,357.54,33.44,73.34,126.38
Kalabria,Włochy,Katowice,2024-07-19,2024-07-12,BUS,98,252.85,111.45,255.2,485.95
Kalabria,Włochy,Gdańsk,2024-07-26,2024-07-19,FLIGHT,54,319.93,34.99,72.25,126.81
Kalabria,Włochy,Kraków,2024-07-26,2024-07-19,BUS,95,539.52,33.68,70.39,125.55
Marsa Alam,Egipt,Szczecin,2024-05-27,2024-05-23,FLIGHT,80,293.32,44.67,85.34,164.99
Marsa Alam,Egipt,Poznań,2024-05-27,2024-05-23,FLIGHT,58,361.08,46.51,101.97,191.83
Marsa Alam,Egipt,Kraków,2024-06-03,2024-05-30,FLIGHT,83,414.44,44.59,84.51,163.28
Marsa Alam,Egipt,Kraków,2024-06-03,2024-05-30,FLIGHT,73,785.83,48.09,101.36,195.9
Marsa Alam,Egipt,Poznań,2024-06-03,2024-05-30,FLIGHT,90,162.99,57.37,115.5,220.89
Marsa Alam,Egipt,NULL,2024-06-03,2024-05-30,NONE,NULL,NULL,NULL,NULL,NULL
Marsa Alam,Egipt,Poznań,2024-06-10,2024-06-06,FLIGHT,55,280.59,40.58,87.82,160.12
Marsa Alam,Egipt,Warszawa,2024-06-17,2024-06-13,BUS,61,669.58,39.48,83.59,158.76
Marsa Alam,Egipt,Katowice,2024-06-17,2024-06-13,FLIGHT,53,329.36,53.81,104.13,193.49
Marsa Alam,Egipt,Katowice,2024-06-17,2024-06-13,FLIGHT,67,599.43,58.32,122.42,220.76
Marsa Alam,Egipt,Poznań,2024-06-17,2024-06-13,BUS,94,942.74,97.17,211.72,403.46
Marsa Alam,Egipt,Poznań,2024-06-24,2024-06-20,FLIGHT,60,668.28,47.4,88.99,161.39
Marsa Alam,Egipt,Warszawa,2024-06-24,2024-06-20,FLIGHT,59,966.13,49.98,103.69,196.64
Marsa Alam,Egipt,Warszawa,2024-07-01,2024-06-27,FLIGHT,50,495.09,47.01,91.22,157.9
Marsa Alam,Egipt,Warszawa,2024-07-01,2024-06-27,FLIGHT,62,519.87,48.88,105.97,199.44
Marsa Alam,Egipt,Gdańsk,2024-07-01,2024-06-27,FLIGHT,58,312.34,60.46,114.76,221.59
Marsa Alam,Egipt,Szczecin,2024-07-08,2024-07-04,BUS,95,411.44,47.07,85.38,157.94
Marsa Alam,Egipt,Kraków,2024-07-15,2024-07-11,BUS,82,626.59,42.53,91.45,160.63
Marsa Alam,Egipt,Warszawa,2024-07-15,2024-07-11,FLIGHT,97,417.55,46.52,104.95,197.56
Marsa Alam,Egipt,NULL,2024-07-15,2024-07-11,NONE,NULL,NULL,NULL,NULL,NULL
Marsa Alam,Egipt,Szczecin,2024-07-22,2024-07-18,BUS,57,380.61,46.42,85.48,157.8
Marsa Alam,Egipt,Gdańsk,2024-07-22,2024-07-18,BUS,63,785.94,49.81,102.06,200.01
Marsa Alam,Egipt,Poznań,2024-07-29,2024-07-25,FLIGHT,73,237.57,45.31,86.23,162.46
Marsa Alam,Egipt,Szczecin,2024-07-29,2024-07-25,BUS,97,717.16,50.38,105.39,198.04
Marsa Alam,Egipt,Szczecin,2024-07-29,2024-07-25,FLIGHT,96,969.31,57.27,119.58,220.93
Marsa Alam,Egipt,Szczecin,2024-07-29,2024-07-25,FLIGHT,61,877.32,92.08,207.81,412.0
Side,Turcja,Warszawa,2024-05-30,2024-05-23,BUS,96,934.04,111.9,248.42,477.63
Side,Turcja,Kraków,2024-06-06,2024-05-30,BUS,74,944.25,113.35,251.73,482.18
Side,Turcja,Katowice,2024-06-06,2024-05-30,FLIGHT,81,150.64,104.97,250.89,483.42
Side,Turcja,NULL,2024-06-06,2024-05-30,NONE,NULL,NULL,NULL,NULL,NULL
Side,Turcja,Warszawa,2024-06-13,2024-06-06,FLIGHT,66,857.05,110.39,252.79,482.31
Side,Turcja,Szczecin,2024-06-20,2024-06-13,FLIGHT,99,217.95,111.33,253.45,482.51
Side,Turcja,Gdańsk,2024-06-27,2024-06-20,FLIGHT,67,745.6,104.52,250.89,477.9
Side,Turcja,Szczecin,2024-06-27,2024-06-20,FLIGHT,69,276.21,107.55,249.95,488.65
Side,Turcja,Katowice,2024-06-27,2024-06-20,BUS,100,263.86,25.13,51.48,95.22
Side,Turcja,Szczecin,2024-06-27,2024-06-20,FLIGHT,55,278.26,35.01,66.71,114.44
Side,Turcja,Gdańsk,2024-07-04,2024-06-27,BUS,88,285.98,110.43,248.12,479.76
Side,Turcja,Szczecin,2024-07-04,2024-06-27,FLIGHT,92,867.87,104.81,249.21,490.12
Side,Turcja,Szczecin,2024-07-04,2024-06-27,FLIGHT,100,794.89,25.18,50.36,93.87
Side,Turcja,Szczecin,2024-07-11,2024-07-04,FLIGHT,83,357.06,108.29,245.26,479.68
Side,Turcja,NULL,2024-07-11,2024-07-04,NONE,NULL,NULL,NULL,NULL,NULL
Side,Turcja,NULL,2024-07-11,2024-07-04,NONE,NULL,NULL,NULL,NULL,NULL
Side,Turcja,Poznań,2024-07-11,2024-07-04,FLIGHT,87,181.17,30.56,66.28,112.15
Side,Turcja,Warszawa,2024-07-18,2024-07-11,FLIGHT,92,793.12,105.37,252.58,485.45
Side,Turcja,Szczecin,2024-07-18,2024-07-11,FLIGHT,61,670.55,113.91,246.88,487.48
Side,Turcja,Gdańsk,2024-07-25,2024-07-18,FLIGHT,87,223.17,107.6,250.83,486.14
Side,Turcja,NULL,2024-07-25,2024-07-18,NONE,NULL,NULL,NULL,NULL,NULL
Side,Turcja,Katowice,2024-07-25,2024-07-18,FLIGHT,89,128.49,33.03,49.95,94.22
Side,Turcja,Szczecin,2024-08-01,2024-07-25,FLIGHT,88,470.58,112.0,252.5,484.07
Side,Turcja,Poznań,2024-08-01,2024-07-25,FLIGHT,78,164.77,105.86,248.52,482.35
Side,Turcja,Katowice,2024-08-01,2024-07-25,FLIGHT,95,518.35,32.97,55.98,90.78
Rodos,Grecja,Katowice,2024-06-01,2024-05-18,FLIGHT,89,122.77,30.43,48.74,73.41
Rodos,Grecja,Kraków,2024-06-01,2024-05-18,FLIGHT,77,256.58,40.35,80.8,147.64
Rodos,Grecja,Szczecin,2024-06-01,2024-05-18,BUS,90,102.47,23.27,41.38,70.42
Rodos,Grecja,Warszawa,2024-06-01,2024-05-18,FLIGHT,87,615.37,76.8,168.52,325.12
Rodos,Grecja,Gdańsk,2024-06-08,2024-05-25,FLIGHT,65,730.0,28.25,42.12,78.47
Rodos,Grecja,Poznań,2024-06-08,2024-05-25,FLIGHT,85,712.3,36.09,80.54,146.07
Rodos,Grecja,Gdańsk,2024-06-08,2024-05-25,FLIGHT,53,338.36,28.84,40.13,63.66
Rodos,Grecja,Warszawa,2024-06-08,2024-05-25,FLIGHT,57,371.27,73.65,168.02,320.81
Rodos,Grecja,Kraków,2024-06-15,2024-06-01,FLIGHT,65,398.62,25.98,46.99,79.17
Rodos,Grecja,Katowice,2024-06-22,2024-06-08,FLIGHT,81,217.83,24.72,42.87,80.5
Rodos,Grecja,Katowice,2024-06-22,2024-06-08,BUS,78,223.98,39.09,82.72,145.09
Rodos,Grecja,NULL,2024-06-22,2024-06-08,NONE,NULL,NULL,NULL,NULL,NULL
Rodos,Grecja,Kraków,2024-06-22,2024-06-08,FLIGHT,62,794.84,71.79,168.72,323.37
Rodos,Grecja,Szczecin,2024-06-29,2024-06-15,FLIGHT,64,863.31,28.92,48.43,73.94
Rodos,Grecja,Katowice,2024-06-29,2024-06-15,FLIGHT,95,819.19,44.09,78.98,141.03
Rodos,Grecja,Poznań,2024-06-29,2024-06-15,FLIGHT,95,556.33,27.35,36.65,61.27
Rodos,Grecja,Gdańsk,2024-07-06,2024-06-22,BUS,82,313.91,27.7,49.93,78.72
Rodos,Grecja,Warszawa,2024-07-13,2024-06-29,FLIGHT,99,145.24,31.92,44.21,71.44
Rodos,Grecja,Kraków,2024-07-13,2024-06-29,FLIGHT,55,170.32,41.58,75.55,141.49
Rodos,Grecja,Poznań,2024-07-13,2024-06-29,BUS,100,449.34,26.39,41.19,65.66
Rodos,Grecja,Warszawa,2024-07-20,2024-07-06,FLIGHT,64,766.86,27.64,47.56,72.63
Rodos,Grecja,Katowice,2024-07-20,2024-07-06,FLIGHT,91,206.41,36.3,79.09,147.7
Rodos,Grecja,Warszawa,2024-07-27,2024-07-13,BUS,94,896.35,24.64,45.16,76.03
Rodos,Grecja,Warszawa,2024-08-03,2024-07-20,FLIGHT,95,584.66,28.59,40.78,73.95
Rodos,Grecja,Szczecin,2024-08-03,2024-07-20,FLIGHT,81,488.53,38.85,78.8,139.76
Kalabria,Włochy,Warszawa,2024-05-24,2024-05-14,FLIGHT,93,176.02,37.1,57.51,99.0
Kalabria,Włochy,Kraków,2024-05-31,2024-05-21,BUS,50,447.19,30.81,61.58,105.24
Kalabria,Włochy,Warszawa,2024-05-31,2024-05-21,FLIGHT,56,761.23,56.74,131.02,236.38
Kalabria,Włochy,Szczecin,2024-05-31,2024-05-21,BUS,70,352.13,94.05,201.06,392.67
Kalabria,Włochy,Katowice,2024-06-07,2024-05-28,BUS,99,580.55,31.38,61.19,107.32
Kalabria,Włochy,Kraków,2024-06-07,2024-05-28,FLIGHT,85,542.26,60.91,124.3,236.75
Kalabria,Włochy,Katowice,2024-06-14,2024-06-04,FLIGHT,53,779.83,28.73,54.05,107.31
Kalabria,Włochy,NULL,2024-06-21,2024-06-11,NONE,NULL,NULL,NULL,NULL,NULL
Kalabria,Włochy,NULL,2024-06-21,2024-06-11,NONE,NULL,NULL,NULL,NULL,NULL
Kalabria,Włochy,Warszawa,2024-06-21,2024-06-11,BUS,87,181.52,93.75,206.32,393.07
Kalabria,Włochy,Katowice,2024-06-21,2024-06-11,FLIGHT,63,922.87,46.06,101.91,186.69
Kalabria,Włochy,Szczecin,2024-06-28,2024-06-18,FLIGHT,94,888.98,35.84,57.7,106.8
Kalabria,Włochy,Poznań,2024-06-28,2024-06-18,BUS,53,598.11,63.37,125.4,238.13
Kalabria,Włochy,Kraków,2024-06-28,2024-06-18,FLIGHT,85,971.55,90.71,201.06,399.05
Kalabria,Włochy,Katowice,2024-06-28,2024-06-18,FLIGHT,56,519.6,52.15,101.65,189.07
Kalabria,Włochy,Gdańsk,2024-07-05,2024-06-25,FLIGHT,59,393.33,27.6,55.87,103.88
Kalabria,Włochy,Szczecin,2024-07-05,2024-06-25,FLIGHT,77,417.42,62.8,129.43,238.68
Kalabria,Włochy,Warszawa,2024-07-12,2024-07-02,FLIGHT,93,810.75,32.92,57.77,98.45
Kalabria,Włochy,Kraków,2024-07-19,2024-07-09,FLIGHT,78,456.47,32.63,62.11,100.74
Kalabria,Włochy,Szczecin,2024-07-26,2024-07-16,FLIGHT,70,714.5,33.41,54.19,105.57
Kalabria,Włochy,Katowice,2024-07-26,2024-07-16,FLIGHT,74,465.11,54.89,128.21,242.22
Kalabria,Włochy,Poznań,2024-07-26,2024-07-16,FLIGHT,51,442.98,92.15,207.22,392.84
Kalabria,Włochy,Warszawa,2024-07-26,2024-07-16,FLIGHT,63,277.74,45.55,99.83,186.22
Sozopol,Bułgaria,Warszawa,2024-05-25,2024-05-15,FLIGHT,68,395.14,55.62,110.3,215.03
Sozopol,Bułgaria,Kraków,2024-05-25,2024-05-15,FLIGHT,91,410.17,54.72,118.15,218.12
Sozopol,Bułgaria,Warszawa,2024-05-25,2024-05-15,FLIGHT,95,699.93,84.51,193.17,362.12
Sozopol,Bułgaria,Szczecin,2024-06-01,2024-05-22,FLIGHT,73,148.52,49.76,111.58,217.32
Sozopol,Bułgaria,Kraków,2024-06-01,2024-05-22,FLIGHT,88,194.13,52.11,121.81,222.06
Sozopol,Bułgaria,NULL,2024-06-01,2024-05-22,NONE,NULL,NULL,NULL,NULL,NULL
Sozopol,Bułgaria,Poznań,2024-06-08,2024-05-29,FLIGHT,57,697.98,52.23,113.1,211.59
Sozopol,Bułgaria,Szczecin,2024-06-15,2024-06-05,FLIGHT,78,901.52,52.08,113.25,213.38
Sozopol,Bułgaria,Warszawa,2024-06-22,2024-06-12,BUS,87,558.33,51.74,112.3,214.71
Sozopol,Bułgaria,Katowice,2024-06-29,2024-06-19,FLIGHT,97,920.17,58.47,111.36,211.6
Sozopol,Bułgaria,Gdańsk,2024-06-29,2024-06-19,FLIGHT,71,592.92,51.26,122.51,223.49
Sozopol,Bułgaria,Poznań,2024-06-29,2024-06-19,FLIGHT,64,403.22,84.29,193.95,365.36
Sozopol,Bułgaria,Katowice,2024-07-06,2024-06-26,FLIGHT,51,840.47,57.25,111.03,211.43
Sozopol,Bułgaria,Poznań,2024-07-06,2024-06-26,FLIGHT,57,757.42,51.66,115.93,224.56
Sozopol,Bułgaria,Gdańsk,2024-07-13,2024-07-03,BUS,80,766.43,50.74,110.8,209.48
Sozopol,Bułgaria,Gdańsk,2024-07-13,2024-07-03,BUS,68,952.48,57.5,112.75,218.69
Sozopol,Bułgaria,Kraków,2024-07-13,2024-07-03,FLIGHT,60,877.42,86.85,186.29,361.44
Sozopol,Bułgaria,Poznań,2024-07-13,2024-07-03,BUS,85,359.15,28.61,48.09,88.72
Sozopol,Bułgaria,Poznań,2024-07-20,2024-07-10,FLIGHT,53,859.96,53.41,115.39,213.5
Sozopol,Bułgaria,Warszawa,2024-07-20,2024-07-10,BUS,94,465.05,60.2,113.57,223.22
Sozopol,Bułgaria,Szczecin,2024-07-27,2024-07-17,BUS,68,186.73,51.86,117.57,216.33
Gran Canaria,Wyspy Kanaryjskie,Gdańsk,2024-05-28,2024-05-14,FLIGHT,96,362.72,49.97,106.4,196.5
Gran Canaria,Wyspy Kanaryjskie,Poznań,2024-05-28,2024-05-14,BUS,75,482.94,67.16,138.57,261.23
Gran Canaria,Wyspy Kanaryjskie,Poznań,2024-05-28,2024-05-14,BUS,75,712.52,82.3,196.1,366.9
Gran Canaria,Wyspy Kanaryjskie,Warszawa,2024-05-28,2024-05-14,FLIGHT,71,389.57,55.03,117.1,208.09
Gran Canaria,Wyspy Kanaryjskie,Kraków,2024-06-04,2024-05-21,FLIGHT,50,328.46,48.09,109.54,191.79
Gran Canaria,Wyspy Kanaryjskie,Kraków,2024-06-04,2024-05-21,FLIGHT,67,167.5,68.15,136.97,254.18
Gran Canaria,Wyspy Kanaryjskie,Katowice,2024-06-04,2024-05-21,FLIGHT,68,420.96,88.15,198.02,366.68
Gran Canaria,Wyspy Kanaryjskie,Kraków,2024-06-04,2024-05-21,BUS,68,356.46,54.75,108.71,206.41
Gran Canaria,Wyspy Kanaryjskie,Katowice,2024-06-11,2024-05-28,FLIGHT,76,179.55,54.05,107.38,197.81
Gran Canaria,Wyspy Kanaryjskie,Warszawa,2024-06-11,2024-05-28,FLIGHT,68,914.91,63.83,134.04,260.03
Gran Canaria,Wyspy Kanaryjskie,Poznań,2024-06-11,2024-05-28,FLIGHT,50,955.06,85.63,189.66,372.49
Gran Canaria,Wyspy Kanaryjskie,Szczecin,2024-06-18,2024-06-04,BUS,91,555.36,48.31,107.13,191.51
Gran Canaria,Wyspy Kanaryjskie,Poznań,2024-06-18,2024-06-04,FLIGHT,50,552.13,60.78,137.47,252.18
Gran Canaria,Wyspy Kanaryjskie,Warszawa,2024-06-18,2024-06-04,FLIGHT,57,826.59,83.94,193.21,371.57
Gran Canaria,Wyspy Kanaryjskie,Szczecin,2024-06-25,2024-06-11,FLIGHT,65,957.26,52.89,104.89,198.51
Gran Canaria,Wyspy Kanaryjskie,Katowice,2024-06-25,2024-06-11,BUS,77,572.92,62.93,133.41,261.33
Gran Canaria,Wyspy Kanaryjskie,Poznań,2024-07-02,2024-06-18,BUS,66,619.15,55.38,105.95,198.62
Gran Canaria,Wyspy Kanaryjskie,Szczecin,2024-07-09,2024-06-25,FLIGHT,97,128.11,51.63,106.33,198.46
Gran Canaria,Wyspy Kanaryjskie,Gdańsk,2024-07-16,2024-07-02,FLIGHT,53,470.69,53.02,103.52,192.93
Gran Canaria,Wyspy Kanaryjskie,NULL,2024-07-16,2024-07-02,NONE,NULL,NULL,NULL,NULL,NULL
Gran Canaria,Wyspy Kanaryjskie,Warszawa,2024-07-16,2024-07-02,FLIGHT,51,627.81,82.06,191.39,373.5
Gran Canaria,Wyspy Kanaryjskie,Poznań,2024-07-23,2024-07-09,FLIGHT,100,325.92,46.71,100.94,196.84
Gran Canaria,Wyspy Kanaryjskie,Szczecin,2024-07-23,2024-07-09,FLIGHT,59,546.94,62.3,135.16,251.69
Gran Canaria,Wyspy Kanaryjskie,NULL,2024-07-30,2024-07-16,NONE,NULL,NULL,NULL,NULL,NULL
Marsa Alam,Egipt,Kraków,2024-05-30,2024-05-26,FLIGHT,83,172.62,30.36,54.95,104.01
Marsa Alam,Egipt,Kraków,2024-05-30,2024-05-26,FLIGHT,84,748.17,86.16,198.13,389.45
Marsa Alam,Egipt,Katowice,2024-05-30,2024-05-26,BUS,88,373.94,57.09,112.11,197.09
Marsa Alam,Egipt,Warszawa,2024-05-30,2024-05-26,FLIGHT,61,820.27,98.43,220.22,423.08
Marsa Alam,Egipt,Poznań,2024-06-06,2024-06-02,FLIGHT,79,946.2,30.54,55.87,106.11
Marsa Alam,Egipt,Kraków,2024-06-06,2024-06-02,FLIGHT,84,531.5,87.95,197.83,389.0
Marsa Alam,Egipt,Warszawa,2024-06-06,2024-06-02,BUS,98,680.85,52.05,107.89,199.16
Marsa Alam,Egipt,Szczecin,2024-06-06,2024-06-02,FLIGHT,60,355.23,99.25,222.32,428.06
Marsa Alam,Egipt,Kraków,2024-06-13,2024-06-09,BUS,52,796.25,29.5,57.04,103.38
Marsa Alam,Egipt,Gdańsk,2024-06-13,2024-06-09,BUS,57,203.3,87.27,206.93,389.27
Marsa Alam,Egipt,Poznań,2024-06-13,2024-06-09,BUS,83,641.86,48.88,109.95,204.66
Marsa Alam,Egipt,Katowice,2024-06-13,2024-06-09,FLIGHT,65,746.28,96.59,220.6,423.52
Marsa Alam,Egipt,Warszawa,2024-06-20,2024-06-16,FLIGHT,54,328.49,31.14,56.09,97.79
Marsa Alam,Egipt,NULL,2024-06-27,2024-06-23,NONE,NULL,NULL,NULL,NULL,NULL
Marsa Alam,Egipt,Szczecin,2024-07-04,2024-06-30,FLIGHT,66,210.13,34.45,61.56,104.59
Marsa Alam,Egipt,Kraków,2024-07-04,2024-06-30,FLIGHT,67,856.5,88.88,198.75,384.16
Marsa Alam,Egipt,Szczecin,2024-07-04,2024-06-30,BUS,90,948.19,52.97,110.16,205.2
Marsa Alam,Egipt,Gdańsk,2024-07-11,2024-07-07,FLIGHT,62,971.79,36.44,60.05,96.86
Marsa Alam,Egipt,Warszawa,2024-07-11,2024-07-07,BUS,54,919.4,85.22,203.72,393.84
Marsa Alam,Egipt,Gdańsk,2024-07-11,2024-07-07,FLIGHT,88,484.46,57.23,106.55,202.41
Marsa Alam,Egipt,Poznań,2024-07-11,2024-07-07,BUS,75,305.74,92.41,217.33,429.06
Marsa Alam,Egipt,Warszawa,2024-07-18,2024-07-14,FLIGHT,77,886.91,31.87,60.53,103.75
Marsa Alam,Egipt,NULL,2024-07-18,2024-07-14,NONE,NULL,NULL,NULL,NULL,NULL
Marsa Alam,Egipt,Katowice,2024-07-18,2024-07-14,BUS,61,244.43,48.31,113.19,197.83
Marsa Alam,Egipt,Katowice,2024-07-25,2024-07-21,FLIGHT,88,913.29,27.97,55.39,100.96
Marsa Alam,Egipt,Kraków,2024-08-01,2024-07-28,FLIGHT,97,831.54,37.22,60.17,102.6
Durres,Albania,Gdańsk,2024-05-28,2024-05-24,FLIGHT,51,516.74,62.77,144.13,270.05
Durres,Albania,Gdańsk,2024-06-04,2024-05-31,FLIGHT,51,368.07,70.18,140.75,270.41
Durres,Albania,Kraków,2024-06-11,2024-06-07,FLIGHT,96,137.44,70.34,143.96,275.96
Durres,Albania,Warszawa,2024-06-11,2024-06-07,FLIGHT,96,143.66,50.96,105.89,196.85
Durres,Albania,Gdańsk,2024-06-18,2024-06-14,FLIGHT,98,337.39,63.8,148.94,277.1
Durres,Albania,Szczecin,2024-06-25,2024-06-21,FLIGHT,97,108.2,71.11,139.85,277.71
Durres,Albania,Szczecin,2024-07-02,2024-06-28,BUS,54,423.74,70.02,139.91,272.39
Durres,Albania,Poznań,2024-07-02,2024-06-28,FLIGHT,84,901.32,50.52,105.24,198.28
Durres,Albania,Katowice,2024-07-09,2024-07-05,BUS,100,602.43,65.62,143.81,271.18
Durres,Albania,Katowice,2024-07-09,2024-07-05,FLIGHT,87,964.34,55.96,102.78,194.84
Durres,Albania,Katowice,2024-07-09,2024-07-05,FLIGHT,66,235.44,31.94,53.42,84.48
Durres,Albania,Kraków,2024-07-09,2024-07-05,FLIGHT,61,763.62,27.98,52.36,91.68
Durres,Albania,Gdańsk,2024-07-16,2024-07-12,FLIGHT,79,377.77,66.21,139.94,268.56
Durres,Albania,Szczecin,2024-07-23,2024-07-19,FLIGHT,58,918.03,66.98,148.47,277.99
Durres,Albania,NULL,2024-07-23,2024-07-19,NONE,NULL,NULL,NULL,NULL,NULL
Durres,Albania,Gdańsk,2024-07-23,2024-07-19,FLIGHT,74,675.43,32.21,51.29,86.12
Durres,Albania,Warszawa,2024-07-23,2024-07-19,FLIGHT,64,996.07,25.44,55.66,82.24
Durres,Albania,Gdańsk,2024-07-30,2024-07-26,FLIGHT,61,297.33,65.03,140.93,272.97
Durres,Albania,Gdańsk,2024-07-30,2024-07-26,FLIGHT,71,235.17,48.2,107.21,195.87
Durres,Albania,NULL,2024-07-30,2024-07-26,NONE,NULL,NULL,NULL,NULL,NULL
Side,Turcja,Kraków,2024-05-28,2024-05-24,BUS,56,164.95,32.84,60.88,98.01
Side,Turcja,Kraków,2024-05-28,2024-05-24,FLIGHT,91,737.01,85.49,204.1,380.81
Side,Turcja,Kraków,2024-06-04,2024-05-31,FLIGHT,57,561.77,33.11,54.9,95.12
Side,Turcja,Warszawa,2024-06-11,2024-06-07,FLIGHT,76,814.26,34.05,51.99,94.94
Side,Turcja,NULL,2024-06-11,2024-06-07,NONE,NULL,NULL,NULL,NULL,NULL
Side,Turcja,Gdańsk,2024-06-11,2024-06-07,FLIGHT,70,936.55,69.31,159.34,296.75
Side,Turcja,NULL,2024-06-18,2024-06-14,NONE,NULL,NULL,NULL,NULL,NULL
Side,Turcja,Kraków,2024-06-18,2024-06-14,FLIGHT,95,227.97,85.53,196.65,382.93
Side,Turcja,Warszawa,2024-06-18,2024-06-14,BUS,57,512.26,74.9,159.02,297.19
Side,Turcja,Warszawa,2024-06-18,2024-06-14,BUS,75,205.0,100.44,218.97,421.93
Side,Turcja,Katowice,2024-06-25,2024-06-21,FLIGHT,70,670.02,31.52,55.86,99.2
Side,Turcja,Poznań,2024-06-25,2024-06-21,BUS,68,764.41,85.16,203.97,380.57
Side,Turcja,Katowice,2024-06-25,2024-06-21,FLIGHT,97,843.5,67.67,155.35,294.46
Side,Turcja,Gdańsk,2024-07-02,2024-06-28,FLIGHT,80,247.04,32.06,55.98,96.35
Side,Turcja,NULL,2024-07-02,2024-06-28,NONE,NULL,NULL,NULL,NULL,NULL
Side,Turcja,Szczecin,2024-07-02,2024-06-28,FLIGHT,97,877.48,72.57,153.24,292.39
Side,Turcja,Szczecin,2024-07-09,2024-07-05,BUS,92,199.18,28.92,53.4,98.04
Side,Turcja,Szczecin,2024-07-09,2024-07-05,FLIGHT,76,909.95,85.65,203.61,382.81
Side,Turcja,Warszawa,2024-07-09,2024-07-05,FLIGHT,74,703.91,72.72,153.6,293.71
Side,Turcja,Kraków,2024-07-09,2024-07-05,FLIGHT,79,297.96,97.9,220.22,418.31
Side,Turcja,Gdańsk,2024-07-16,2024-07-12,FLIGHT,51,415.47,36.31,59.37,95.34
Side,Turcja,Poznań,2024-07-23,2024-07-19,FLIGHT,98,437.32,30.9,58.39,99.94
Side,Turcja,Poznań,2024-07-23,2024-07-19,FLIGHT,60,592.75,90.87,199.37,383.39
Side,Turcja,Gdańsk,2024-07-23,2024-07-19,FLIGHT,53,771.82,67.12,155.01,294.06
Side,Turcja,Gdańsk,2024-07-30,2024-07-26,FLIGHT,94,554.5,27.23,57.82,95.02
Zakynthos,Grecja,Szczecin,2024-05-25,2024-05-15,FLIGHT,98,321.65,48.02,95.25,180.22
Zakynthos,Grecja,Szczecin,2024-06-01,2024-05-22,BUS,61,512.37,44.38,99.69,180.57
Zakynthos,Grecja,Kraków,2024-06-01,2024-05-22,BUS,64,506.98,64.29,140.5,274.93
Zakynthos,Grecja,Warszawa,2024-06-01,2024-05-22,FLIGHT,96,531.98,64.89,143.44,269.86
Zakynthos,Grecja,Szczecin,2024-06-08,2024-05-29,BUS,94,537.1,47.95,100.11,178.2
Zakynthos,Grecja,Szczecin,2024-06-08,2024-05-29,FLIGHT,91,598.51,65.31,144.04,273.83
Zakynthos,Grecja,Szczecin,2024-06-08,2024-05-29,BUS,52,422.17,66.77,140.72,270.21
Zakynthos,Grecja,Poznań,2024-06-08,2024-05-29,FLIGHT,92,227.27,64.52,149.47,277.33
Zakynthos,Grecja,Gdańsk,2024-06-15,2024-06-05,FLIGHT,70,813.96,48.59,99.6,177.45
Zakynthos,Grecja,Kraków,2024-06-15,2024-06-05,FLIGHT,75,652.89,61.29,145.49,270.54
Zakynthos,Grecja,Kraków,2024-06-15,2024-06-05,BUS,67,529.02,61.53,139.28,268.56
Zakynthos,Grecja,Warszawa,2024-06-15,2024-06-05,FLIGHT,68,944.17,72.49,144.8,283.89
Zakynthos,Grecja,Kraków,2024-06-22,2024-06-12,FLIGHT,65,750.77,47.8,99.73,176.34
Zakynthos,Grecja,Kraków,2024-06-29,2024-06-19,FLIGHT,60,264.26,46.09,93.14,175.67
Zakynthos,Grecja,Kraków,2024-07-06,2024-06-26,FLIGHT,54,425.33,47.56,97.08,179.07
Zakynthos,Grecja,Warszawa,2024-07-06,2024-06-26,FLIGHT,57,996.12,63.37,145.77,270.92
Zakynthos,Grecja,Warszawa,2024-07-06,2024-06-26,FLIGHT,62,582.53,66.84,140.28,268.66
Zakynthos,Grecja,Gdańsk,2024-07-06,2024-06-26,FLIGHT,82,263.63,71.18,148.8,285.12
Zakynthos,Grecja,Poznań,2024-07-13,2024-07-03,FLIGHT,81,755.04,52.05,96.89,174.41
Zakynthos,Grecja,Kraków,2024-07-13,2024-07-03,FLIGHT,84,701.46,62.23,139.97,266.64
Zakynthos,Grecja,Kraków,2024-07-13,2024-07-03,FLIGHT,54,723.09,64.43,146.36,264.17
Zakynthos,Grecja,NULL,2024-07-13,2024-07-03,NONE,NULL,NULL,NULL,NULL,NULL
Zakynthos,Grecja,Gdańsk,2024-07-20,2024-07-10,FLIGHT,95,489.98,51.3,91.37,172.72
Zakynthos,Grecja,Katowice,2024-07-20,2024-07-10,FLIGHT,79,335.03,66.66,140.11,271.76
Zakynthos,Grecja,Kraków,2024-07-20,2024-07-10,FLIGHT,52,154.36,64.94,146.31,270.18
Zakynthos,Grecja,Szczecin,2024-07-27,2024-07-17,FLIGHT,94,701.38,42.77,98.65,176.73
Zakynthos,Grecja,Warszawa,2024-07-27,2024-07-17,FLIGHT,90,425.03,69.82,143.84,269.02
Zakynthos,Grecja,Kraków,2024-07-27,2024-07-17,FLIGHT,66,390.09,67.8,138.53,270.58
Zakynthos,Grecja,Warszawa,2024-06-05,2024-05-29,FLIGHT,63,147.72,30.66,50.67,86.12
Zakynthos,Grecja,Gdańsk,2024-06-12,2024-06-05,FLIGHT,88,346.53,31.98,48.65,91.41
Zakynthos,Grecja,Gdańsk,2024-06-19,2024-06-12,FLIGHT,56,148.47,24.89,54.26,86.35
Zakynthos,Grecja,Poznań,2024-06-26,2024-06-19,FLIGHT,75,238.04,29.13,47.98,88.99
Zakynthos,Grecja,Szczecin,2024-07-03,2024-06-26,FLIGHT,87,467.88,26.09,56.75,93.08
Zakynthos,Grecja,Katowice,2024-07-03,2024-06-26,FLIGHT,75,756.24,51.74,105.82,189.81
Zakynthos,Grecja,NULL,2024-07-03,2024-06-26,NONE,NULL,NULL,NULL,NULL,NULL
Zakynthos,Grecja,Gdańsk,2024-07-03,2024-06-26,BUS,72,956.23,37.44,76.73,134.84
Zakynthos,Grecja,Warszawa,2024-07-10,2024-07-03,FLIGHT,56,779.15,28.34,47.32,90.31
Zakynthos,Grecja,Szczecin,2024-07-17,2024-07-10,FLIGHT,65,174.37,26.69,55.58,91.14
Zakynthos,Grecja,NULL,2024-07-17,2024-07-10,NONE,NULL,NULL,NULL,NULL,NULL
Zakynthos,Grecja,Poznań,2024-07-17,2024-07-10,BUS,57,175.01,31.34,47.81,87.3
Zakynthos,Grecja,NULL,2024-07-24,2024-07-17,NONE,NULL,NULL,NULL,NULL,NULL
Zakynthos,Grecja,Poznań,2024-07-24,2024-07-17,FLIGHT,52,128.18,47.59,102.89,189.7
Zakynthos,Grecja,Kraków,2024-07-31,2024-07-24,FLIGHT,93,786.01,33.42,52.19,92.11
Zakynthos,Grecja,Katowice,2024-07-31,2024-07-24,FLIGHT,65,637.75,49.11,104.1,187.95
Zakynthos,Grecja,Szczecin,2024-07-31,2024-07-24,FLIGHT,85,398.88,30.75,52.58,85.34
Zakynthos,Grecja,NULL,2024-08-07,2024-07-31,NONE,NULL,NULL,NULL,NULL,NULL
Zakynthos,Grecja,Poznań,2024-08-07,2024-07-31,FLIGHT,73,367.78,52.51,104.31,183.88
Zakynthos,Grecja,Poznań,2024-08-07,2024-07-31,FLIGHT,95,263.12,29.65,52.73,91.69
